Symbols,
20MICRONS,
21STCENMGM,
3IINFOTECH,
3MINDIA,
3PLAND,
5PAISA,
63MOONS,
8KMILES,
A2ZINFRA,
AANCHALISP,
AARTIDRUGS,
AARTIIND,
AARVEEDEN,
ABAN,
ABB,
ABBOTINDIA,
ABCAPITAL,
ABFRL,
ABMINTLTD,
ACC,
ACCELYA,
ACE,
ADANIENT,
ADANIGREEN,
ADANIPORTS,
ADANIPOWER,
ADANITRANS,
ADFFOODS,
ADHUNIK,
ADHUNIKIND,
ADLABS,
ADORWELD,
ADROITINFO,
ADSL,
ADVANIHOTR,
ADVENZYMES,
AEGISCHEM,
AEGISLOG,
AFL,
AGARIND,
AGCNET,
AGIIL,
AGLSL,
AGRITECH,
AHLEAST,
AHLUCONT,
AHLWEST,
AIAENG,
AICHAMP,
AIFL,
AJANTPHARM,
AJMERA,
AKSCHEM,
AKSHARCHEM,
AKSHOPTFBR,
AKZOINDIA,
ALANKIT,
ALBERTDA,
ALBERTDAVD,
ALBK,
ALCHEM,
ALEMBICLTD,
ALICON,
ALKALI,
ALKEM,
ALKYLAMINE,
ALLCARGO,
ALLSEC,
ALMONDZ,
ALOKTEXT,
ALPA,
ALPHAGEO,
ALPSINDUS,
AMARAJABAT,
AMBER,
AMBIKCO,
AMBITION,
AMBUJACEM,
AMDIND,
AMJLAND,
AMRUTANJAN,
ANANTRAJ,
ANDHRABANK,
ANDHRACEMT,
ANDHRSUGAR,
ANDREWYU,
ANGIND,
ANIKINDS,
ANKITMETAL,
ANSALAPI,
ANSALHSG,
ANTGRAPHIC,
APARINDS,
APCL,
APCOTEXIND,
APEX,
APLAPOLLO,
APLLTD,
APOLLO,
APOLLOHOSP,
APOLLOTYRE,
APOLSINHOT,
APTECHT,
ARCHIDPLY,
ARCHIES,
ARCOTECH,
ARENTERP,
ARIES,
ARIHANT,
ARIHANTSUP,
ARMANFIN,
AROGRANITE,
ARROWGREEN,
ARROWTEX,
ARSHIYA,
ARSSINFRA,
ARTEMIS,
ARVIND,
ARVSMART,
ASAHIINDIA,
ASAHISONG,
ASAL,
ASHAPURMIN,
ASHFL,
ASHIANA,
ASHIMASYN,
ASHOKA,
ASHOKLEY,
ASIANHOTNR,
ASIANPAINT,
ASIANTILES,
ASL,
ASPINWALL,
ASSAMCO,
ASTAR,
ASTEC,
ASTERDM,
ASTRAL,
ASTRAMICRO,
ASTRAZEN,
ASTRON,
ATFL,
ATISHAY,
ATLANTA,
ATLASCYCLE,
ATUL,
ATULAUTO,
AUBANK,
AURIONPRO,
AUROPHARMA,
AUSOMENT,
AUTOAXLES,
AUTOIND,
AUTOLITIND,
AVADHSUGAR,
AVANTI,
AVANTIFEED,
AVTNPL,
AXISBANK,
AYMSYNTEX,
BAFNAPHARM,
BAGFILMS,
AUTO,
BAJAJCORP,
BAJAJELEC,
BAJAJFINSV,
BAJAJHIND,
BAJAJHLDNG,
BAJFINANCE,
BALAJITELE,
BALAMINES,
BALAXI,
BALKRISHNA,
BALKRISIND,
BALLARPUR,
BALMLAWRIE,
BALPHARMA,
BALRAMCHIN,
BANARBEADS,
BANARISUG,
BANCOINDIA,
BANDHANBNK,
BANG,
BANKBARODA,
BANKINDIA,
BANSWRAS,
BARTRONICS,
BASF,
BASML,
BATAINDIA,
BAYERCROP,
BBL,
BBTC,
BCP,
BDL,
BEARDSELL,
BEDMUTHA,
BEL,
BELLACASA,
BEML,
BENGALASM,
BEPL,
BERGEPAINT,
BFINVEST,
BFUTILITIE,
BGLOBAL,
BGRENERGY,
BHAGERIA,
BHAGIL,
BHAGYANGR,
BHAGYAPROP,
BHAGYNAGAR,
BHANDARI,
BHANDHOS,
BHARATFIN,
BHARATFORG,
BHARATGEAR,
BHARATRAS,
BHARATWIRE,
BHARTIARTL,
BHEL,
BHUSANSTL,
BIGBLOC,
BIL,
BILENERGY,
BILPOWER,
BINANIIND,
BINDALAGRO,
BIOCON,
BIOFILCHEM,
BIRLACABLE,
BIRLACORPN,
BIRLAMONEY,
BKMINDST,
BLBLIMITED,
BLIL,
BLISSGVS,
BLKASHYAP,
BLS,
B,
BLUEBLENDS,
BLUECHIP,
BLUECOAST,
BLUEDART,
BLUESTARCO,
BODALCHEM,
BOMDYEING,
BOROSIL,
BOSCHLTD,
BPCL,
BPL,
BRFL,
BRIGADE,
BRITANNIA,
BRNL,
BROOKS,
BSE,
BSELINFRA,
BSL,
BURNPUR,
BUTTERFLY,
BVCL,
BYKE,
CADILAHC,
CALSOFT,
CAMLINFINE,
CANBK,
CANDC,
CANFINHOME,
CANTABIL,
CAPACITE,
CAPF,
CAPITALT,
CAPLIPOINT,
CAPPL,
CAPTRUST,
CARBORUNIV,
CAREERP,
CARERATING,
CASTEXTECH,
CASTROLIND,
CCCL,
CCHHL,
CCL,
CDSL,
CEATLTD,
CEBBCO,
CEINSYSTECH,
CELEBRITY,
CELESTIAL,
CENTENKA,
CENTEXT,
CENTRALBK,
CENTRUM,
CENTUM,
CENTURYPLY,
CENTURYTEX,
CERA,
CEREBRAINT,
CESC,
CGCL,
CGPOWER,
CHAMBLFERT,
CHEMFAB,
CHENNPETRO,
CHOLAFIN,
CHROMATIC,
CIGNITITEC,
CIMMCO,
CINELINE,
CINEVISTA,
CIPLA,
CLEDUCATE,
CLNINDIA,
CMI,
CMICABLES,
CNOVAPETRO,
COALINDIA,
COCHINSHIP,
COFFEEDAY,
COLPAL,
COMCL,
COMPINFO,
COMPUAGE,
COMPUSOFT,
CONCOR,
CONSOFINVT,
CONTROLPR,
CORALFINAC,
CORDSCABLE,
COROMANDEL,
CORPBANK,
COSMOFILMS,
COUNCODOS,
KINGS,
CPSEETF,
CRANESSOFT,
CREATIVEYE,
CREST,
CRISIL,
CROMPTON,
CTE,
CUB,
CUBEXTUB,
CUMMINSIND,
CUPID,
CURATECH,
CYBERMEDIA,
CYBERTECH,
CYIENT,
DAAWAT,
DABUR,
DALMIABHA,
DALMIASUG,
DAMODARIND,
DAMOINDUS,
DATAMATICS,
DBCORP,
DBL,
DBREALTY,
DBSTOCKBRO,
DCAL,
DCBBANK,
DCM,
DCMFINSERV,
DCMSHRIRAM,
DCW,
DECCANCE,
DEEPAKFERT,
DEEPAKNI,
DEEPAKNTR,
DEEPIND,
DELTACORP,
DELTAMAGNT,
DEN,
DENABANK,
DENORA,
DFM,
DFMFOODS,
DHAMPURSUG,
DHANBANK,
DHANUKA,
DHARSUGAR,
DHFL,
DHUNINV,
DHUNTEAIND,
DIAMONDYD,
DIAPOWER,
DICIND,
DIGJAMLTD,
DISHTV,
DIVISLAB,
DIXON,
DLF,
DLINKINDIA,
DMART,
DNAMEDIA,
DOLLAR,
DOLPHINOFF,
DONEAR,
DPL,
DPSCLTD,
DQE,
DREDGECORP,
DRREDDY,
DSSL,
DTIL,
DUCON,
DWARKESH,
DYNAMATECH,
DYNPRO,
EASTSILK,
EASUNREYRL,
ECEIND,
ECLERX,
EDELWEISS,
EDL,
EICHERMOT,
EIDPARRY,
EIHAHOTELS,
EIHOTEL,
EIMCOELECO,
EKC,
ELAND,
ELANTAS,
ELECON,
ELECTCAST,
ELECTHERM,
ELECTROSL,
ELGIEQUIP,
ELGIRUBCO,
EMAMIINFRA,
EMAMILTD,
EMAMIPAP,
EMCO,
EMKAY,
EMMBI,
EMPIND,
ENDURANCE,
ENERGYDEV,
ENGINERSIN,
ENIL,
EON,
EQUITAS,
ERIS,
EROSMEDIA,
ESABINDIA,
ESCORTS,
ESSARSHPNG,
ESSDEE,
ESSELPACK,
ESSELPRO,
ESTER,
EUROCERA,
EUROMULTI,
EUROTEXIND,
EVEREADY,
EVERESTIND,
EXCEL,
EXCELCROP,
EXCELINDUS,
EXIDEIND,
FACT,
FAIRCHEM,
FCL,
FCONSUMER,
FCSSOFT,
FDC,
FEDDERELEC,
FEDERALBNK,
FEL,
FELDVR,
FIEMIND,
FILATEX,
FINCABLES,
FINOLEXIND,
FINPIPE,
FLEXITUFF,
FLFL,
FMGOETZE,
FMNL,
FORBESCO,
FORCEMOT,
FORTIS,
FORTUNEF,
FORTUNEFIN,
FOSECOIND,
FRETAIL,
FSC,
FSL,
GABRIEL,
GAEL,
GAIL,
GAL,
GALAXYSURF,
GALLANTT,
GALLISPAT,
GAMMNINFRA,
GANDHITUBE,
GANECOS,
GANESHHOUC,
GANGESSEC,
GANGESSECU,
GARDENSILK,
GARWALLROP,
GATI,
GAYAPROJ,
GDL,
GEECEE,
GEMINI,
GENESYS,
GENUSPAPER,
GENUSPOWER,
GEOJITFSL,
GEPIL,
GESHIP,
D,
GGPL,
GHCL,
GICHSGFIN,
GICRE,
GILLANDERS,
GILLETTE,
GINNIFILA,
GIPCL,
GISOLUTION,
GITANJALI,
GKWLIMITED,
GLAXO,
GLENMARK,
GLFL,
GLOBALVECT,
GLOBOFFS,
GLOBUSSPR,
GMBREW,
GMDCLTD,
GMM,
GMMPFAUDLR,
GMRINFRA,
GNA,
GNFC,
GOACARBON,
GOCLCORP,
GODFRYPHLP,
GODREJAGRO,
GODREJCP,
GODREJIND,
GODREJPROP,
GOKEX,
GOKUL,
GOKULAGRO,
GOLDENTOBC,
GOLDIAM,
GOLDINFRA,
GOLDTECH,
GOODLUCK,
GOODYEAR,
GOVNOW,
GPIL,
GPPL,
GPTINFRA,
GRANULES,
GRAPHITE,
GRASIM,
GRAUWEIL,
GRAVITA,
GREAVESCOT,
GREENLAM,
GREENPLY,
GREENPOWER,
GRINDWELL,
GRNLAMIND,
GROBTEA,
GRPLTD,
GRUH,
GSCLCEMENT,
GSFC,
GSKCONS,
GSPL,
GSS,
GTL,
GTLINFRA,
GTNIND,
GTNINDS,
GTNTEX,
GTPL,
GUFICBIO,
GUJALKALI,
GUJAPOLLO,
GUJFLUORO,
GUJGAS,
GUJGASLTD,
GUJRAFFIA,
GULFOILLUB,
GULFPETRO,
GULPOLY,
GVKPIL,
HAL,
HANUNG,
HARITASEAT,
HARRMALAYA,
HATHWAY,
HATSUN,
HAVELLS,
HAVISHA,
HAWKINCOOK,
HBLPOWER,
HCC,
HCG,
INSYS,
HCLTECH,
HDFC,
HDFCBANK,
HDFCLIFE,
HDIL,
HEG,
HEIDELBERG,
HERCULES,
HERITGFOOD,
HEROMOTOCO,
HESTERBIO,
HEXATRADEX,
HEXAWARE,
HFCL,
HGINFRA,
HGS,
HIGHGROUND,
HIKAL,
HIL,
HILTON,
HIMATSEIDE,
HINDALCO,
HINDCOMPOS,
HINDCOPPER,
HINDDORROL,
HINDMOTORS,
HINDNATGLS,
HINDOILEXP,
HINDPETRO,
HINDSYNTEX,
HINDUJAVEN,
HINDUNILVR,
HINDZINC,
HIRECT,
HISARMET,
HISARMETAL,
HITECH,
HITECHCORP,
HITECHGEAR,
HMVL,
HOCL,
HONAUT,
HONDAPOWER,
HOTELEELA,
HOTELRUGBY,
HOVS,
HPL,
HSCL,
HSIL,
HTMEDIA,
HUBTOWN,
HUDCO,
IBREALEST,
IBULHSGFIN,
IBULISL,
IBVENTUREPP,
IBVENTURES,
ICICIBANK,
ICICIGI,
ICIL,
ICRA,
ICSA,
IDBI,
IDEA,
IDFC,
IDFCBANK,
IEX,
IFBAGRO,
IFBIND,
IFCI,
IFGLEXPOR,
IGARASHI,
IGL,
IGPL,
IIFL,
IITL,
FSENGG,
FSTRANS,
IMFA,
IMPAL,
IMPEXFERRO,
INDBANK,
INDHOTEL,
INDIACEM,
INDIAGLYCO,
INDIANB,
INDIANCARD,
INDIANHUME,
INDIGO,
INDLMETER,
INDNIPPON,
INDOCO,
INDORAMA,
INDOSOLAR,
INDOSTAR,
INDOTECH,
INDOTHAI,
INDOWIND,
INDRAMEDCO,
INDSWFTLAB,
INDSWFTLTD,
INDTERRAIN,
INDUSINDBK,
INEOSSTYRO,
INFIBEAM,
INFINITE,
INFRATEL,
INFY,
INGERRAND,
INOXLEISUR,
INOXWIND,
INSECTICID,
INTEGRA,
INTELLECT,
INTENTECH,
INVENTURE,
IOB,
IOC,
IOLCP,
IPAPPM,
IPCALAB,
IRB,
ISEC,
ISFT,
ISGEC,
ISMTLTD,
ITC,
ITDC,
ITDCEM,
ITI,
IVC,
IVP,
IVRCLINFRA,
IZMO,
KBANK,
JAGRAN,
JAGSNPHARM,
JAIBALAJI,
JAICORPLTD,
JAIHINDPRO,
JAINSTUDIO,
JAMNAAUTO,
JAYAGROGN,
JAYBARMARU,
JAYNECOIND,
JAYSHREETEA,
JAYSREETEA,
JBCHEPHARM,
JBFIND,
JBMA,
JCHAC,
JETAIRWAYS,
JHS,
JIKIND,
JINDALPHOT,
JINDALPOLY,
JINDALSAW,
JINDALSTEL,
JINDCOT,
JINDRILL,
JINDWORLD,
JISLDVREQS,
JISLJALEQS,
JITFINFRA,
JIYAECO,
JKCEMENT,
JKIL,
JKLAKSHMI,
JKPAPER,
JKTYRE,
JMA,
JMCPROJECT,
JMFINANCIL,
JMTAUTOLTD,
JOCIL,
JPASSOCIAT,
JPINFRATEC,
JPOLYINVST,
JPPOWER,
JSL,
JSLHISAR,
JSWENERGY,
JSWHL,
JSWSTEEL,
JTEKTINDIA,
JUBILANT,
JUBLFOOD,
JUBLINDS,
JUSTDIAL,
JVLAGRO,
JYOTHYLAB,
KABRAEXTRU,
KAJARIACER,
KAKATCEM,
KALPATPOWR,
KALYANI,
KALYANIFRG,
KAMAHOLD,
KAMATHOTEL,
KAMDHENU,
KANANIIND,
KANORICHEM,
KANSAINER,
KARDA,
KARMAENG,
KARURVYSYA,
KAUSHALYA,
KAVVERITEL,
KAYA,
KCP,
KCPSUGIND,
KDDL,
KEC,
KECL,
KEI,
KELLTONTEC,
KENNAMET,
KESARENT,
KESORAMIND,
KEYCORPSER,
KGL,
KHADIM,
KHAITANELE,
KHAITANLTD,
KHANDSE,
KICL,
KILITCH,
KINGFA,
KIOCL,
KIRIINDUS,
KIRLFER,
KIRLOSBROS,
KIRLOSENG,
KIRLOSIND,
KIRLPNU,
KITEX,
KKCL,
KMSUGAR,
KNRCON,
KOHINOOR,
KOKUYOCMLN,
KOLTEPATIL,
KOPRAN,
KOTAKBANK,
KOTARISUG,
KOTHARIPET,
KOTHARIPRO,
KPIT,
KPRMILL,
KRBL,
KREBSBIO,
KRIDHANINF,
KRIINFRA,
KSBPUMPS,
KSCL,
KSERASERA,
KSK,
KSL,
KTIL,
KTKBANK,
KWALITY,
TFH,
LAKPRE,
LAKSHMIEFL,
LAKSHMIO,
LAKSHVILAS,
LALPATHLAB,
LAMBODHARA,
LANCER,
LAOPALA,
LASA,
LAURUSLABS,
LAXMIMACH,
LEEL,
LEHIL,
LEMONTREE,
LFIC,
LGBBROSLTD,
LGBFORGE,
LIBERTSHOE,
LICHSGFIN,
LINCOLN,
LINCOPH,
LINCPEN,
LINCPENQ,
LINDEINDIA,
LITL,
LOKESHMACH,
LOTUSEYE,
LOVABLE,
LPDC,
LSIL,
LT,
LTI,
LTTS,
LUMAXIND,
LUMAXTECH,
LUPIN,
LUXIND,
LYCOS,
LYKALABS,
LYPSAGEMS,
M,
MFIN,
MAANALU,
MADHAV,
MADHUCON,
MADRASFERT,
MAGADHSUGAR,
MAGADSUGAR,
MAGMA,
MAGNUM,
MAHABANK,
MAHAPEXLTD,
MAHASTEEL,
MAHINDCIE,
MAHLIFE,
MAHLOG,
MAHSCOOTER,
MAHSEAMLES,
MAITHANALL,
MAJESCO,
MALUPAPER,
MANAKALUCO,
MANAKCOAT,
MANAKSIA,
MANAKSTEEL,
MANAKSTELTD,
MANALIPETC,
MANAPPURAM,
MANDHANA,
MANGALAM,
MANGCHEFER,
MANGLMCEM,
MANGTIMBER,
MANINDS,
MANINFRA,
MANPASAND,
MANUGRAPH,
MARALOVER,
MARATHON,
MARICO,
MARKSANS,
MARUTI,
MASFIN,
MASTEK,
MATRIMONY,
MAWANASUG,
MAXINDIA,
MAXVIL,
MAYURUNIQ,
MAZDA,
MAZDALTD,
MBECL,
MBLINFRA,
MCDHOLDING,
N,
MCLEODRUSS,
MCX,
MEGASOFT,
MEGH,
MELSTAR,
MENONBE,
MEP,
MERCATOR,
MERCK,
METALFORGE,
METKORE,
MFSL,
MGL,
MHRIL,
MIC,
MIDHANI,
MINDACORP,
MINDAIND,
MINDTECK,
MINDTREE,
MIRCELECTR,
MIRZAINT,
MISHKA,
MJCO,
MMFL,
MMTC,
MNKALCOLTD,
MNKCMILTD,
MODIRUBBER,
MOHITIND,
MOHOTAIND,
MOIL,
MOLDTECH,
MOLDTEK,
MOLDTKPAC,
MONNETISPA,
MONSANTO,
MONTECARLO,
MORARJEE,
MOREPENLAB,
MOSERBAER,
MOTHERSUMI,
MOTILALOFS,
MOTOGENFIN,
MPHASIS,
MPSLTD,
MRF,
TEK,
MRPL,
MSPL,
MTEDUCARE,
MTNL,
MUKANDENGG,
MUKANDLTD,
MUKTAARTS,
MUNJALAU,
MUNJALSHOW,
MURUDCERA,
MUTHOOTCAP,
MUTHOOTFIN,
MUTHTFN,
MVL,
NACLIND,
NAGAFERT,
NAGARFERT,
NAGAROIL,
NAGREEKCAP,
NAGREEKEXP,
NAHARCAP,
NAHARINDUS,
NAHARPOLY,
NAHARSPING,
NATCOPHARM,
NATHBIOGEN,
NATIONALUM,
NATNLSTEEL,
NATPEROX,
NAUKRI,
NAVINFLUOR,
NAVKARCORP,
NAVNETEDUL,
NBCC,
NBIFIN,
NBVENTURES,
NCC,
NCLIND,
NDGL,
NDL,
NDTV,
NECCLTD,
NECLIFE,
NELCAST,
NELCO,
NESCO,
NESTLEIND,
NETWORK18,
NEULANDLAB,
NEWGEN,
NEXTMEDIA,
NFL,
NH,
NHPC,
NIACL,
NIBL,
NIITLTD,
NIITTECH,
NILA,
NILAINFRA,
NILKAMAL,
NIPPOBATRY,
NIRAJISPAT,
NIRLON,
NITCO,
NITESHEST,
NITINFIRE,
NITINSPIN,
NIYOGIN,
NKIND,
NLCINDIA,
NMDC,
NOCIL,
NOIDATOLL,
NORBTEAEXP,
NOVARTIND,
NRAGRINDQ,
NRAIL,
NRBBEARING,
NSIL,
NTL,
NTPC,
NUCLEUS,
NUTEK,
OASIS,
OBEROIRLTY,
OBIL,
OCCL,
OCL,
OFSS,
OIL,
OILCOUNTUB,
OISL,
OMAXAUTO,
OMAXE,
OMKARCHEM,
OMMETALS,
ONELIFECAP,
ONGC,
ONMOBILE,
ONWARDTEC,
OPTIEMUS,
OPTOCIRCUI,
ORBTEXP,
ORICON,
ORICONENT,
ORIENTABRA,
ORIENTALTL,
ORIENTBANK,
ORIENTBELL,
ORIENTCEM,
ORIENTCQ,
ORIENTELEC,
ORIENTHOT,
ORIENTLTD,
ORIENTPPR,
ORIENTREF,
ORISSAMINE,
ORTEL,
ORTINLAABS,
ORTINLABSS,
OSWALAGRO,
PAEL,
PAGEIND,
PAISALO,
PALASHSEC,
PALASHSECU,
PALRED,
PALREDTEC,
PANACEABIO,
PANAMAPET,
PANORAMUNI,
PAPERPROD,
PARABDRUGS,
PARACABLES,
PARAGMILK,
PARSVNATH,
PATELENG,
PATINTLOG,
PATSPINLTD,
PBAINFRA,
PCJEWELLER,
PDMJEPAPER,
PDPL,
PDSMFL,
PEARLPOLY,
PEL,
PENIND,
PENINLAND,
PENPEBS,
PERSISTENT,
PETRONENGG,
PETRONET,
PFC,
PFIZER,
PFOCUS,
PFS,
PGEL,
PGHH,
PGIL,
PHILIPCARB,
PHOENIXLTD,
PIDILITIND,
PIIND,
PILANIINVS,
PILITA,
PIONDIST,
PIONEEREMB,
PIRPHYTO,
PITTIENG,
PITTILAM,
PKTEA,
PLASTIBLEN,
PNB,
PNBGILTS,
PNBHOUSING,
PNC,
PNCINFRA,
POCHIRAJU,
PODARPIGQ,
PODDAR,
PODDARHOUS,
PODDARMENT,
POKARNA,
POLARIS,
POLYMED,
POLYPLEX,
PONNIERODE,
POWERGRID,
POWERMECH,
PPAP,
PRABHAT,
PRADIP,
PRAENG,
PRAJIND,
PRAKASH,
PRAKASHCON,
PRATIBHA,
PRAXIS,
PRECAM,
PRECOT,
PRECWIRE,
PREMEXPLN,
PREMEXPLQ,
PREMIER,
PREMIERPOL,
PRESSMN,
PRESTIGE,
PRICOLLTD,
PRIMESECU,
PROVOGE,
PROZONINTU,
PRSMJOHNSN,
PSB,
PSL,
PSPPROJECT,
PTC,
PTL,
PUNJABCHEM,
PUNJCOMMU,
PUNJLLOYD,
PURVA,
PVP,
PVR,
QUESS,
QUICKHEAL,
QUINTEGRA,
RADAAN,
RADICO,
RADIOCITY,
RAIN,
RAINBOWPAP,
RAJESHEXPO,
RAJRAYON,
RAJSREESUG,
RAJTV,
RAJVIR,
RALLIS,
RAMANEWS,
RAMASTEEL,
RAMCOCEM,
RAMCOIND,
RAMCOSYS,
RAMGOPOLY,
RAMKY,
RAMSARUP,
RANASUG,
RANEENGINE,
RANEHOLDIN,
RATNAMANI,
RAYMOND,
RBL,
RBLBANK,
RCF,
RCIIND,
RCOM,
RECLTD,
REDINGTON,
REFEX,
REGENCERAM,
RELAXO,
RELCAPITAL,
RELHOME,
RELIANCE,
RELIGARE,
RELINFRA,
REMSONSIND,
RENUKA,
REPCOHOME,
REPRO,
RESPONIND,
REVATHI,
RHFL,
RICOAUTO,
RIIL,
RJL,
RKDL,
RKFORGE,
RMCL,
RML,
RNAM,
RNAVAL,
ROHITFERRO,
ROHLTD,
ROLLT,
ROLTA,
ROSSELLIND,
RPGLIFE,
RPOWER,
RPPINFRA,
RRSLGETF,
RSSOFTWARE,
RSWM,
RSYSTEMINT,
RSYSTEMS,
RTNINFRA,
RTNPOWER,
RUBYMILLS,
RUCHINFRA,
RUCHIRA,
RUCHISOYA,
RUPA,
RUSHIL,
SABEVENTS,
SABTN,
SADBHAV,
SADBHIN,
SAGCEM,
SAIL,
SAKHTISUG,
SAKSOFT,
SAKUMA,
SALASAR,
SALONA,
SALONACOT,
SALORAINTL,
SALSTEEL,
SALZER,
SALZERELEC,
SAMBHAAV,
SANCO,
SANDESH,
SANDHAR,
SANGAMIND,
SANGHIIND,
SANGHVIFOR,
SANGHVIMOV,
SANOFI,
SANWARIA,
SARDAEN,
SAREGAMA,
SARLAPOLY,
SASKEN,
SASTASUNDR,
SATHAISPAT,
SATIN,
SBILIFE,
SBIN,
SCAPDVR,
SCHAEFFLER,
SCHAND,
SCHNEIDER,
SCI,
SDBL,
SEAMECLTD,
SELAN,
SELMCL,
SEPOWER,
SEQUENT,
SESHAPAPER,
SETCO,
SEYAIND,
SFL,
SGFL,
SGL,
SHAHALLOYS,
SHAKTIPUMP,
SHALBY,
SHALPAINTS,
SHANKARA,
SHANTIGEAR,
SHARDA,
SHARDACROP,
SHARDAMOTR,
SHEMAROO,
SHILPAMED,
SHILPI,
G,
SHIVAMAUTO,
SHIVAMILLS,
SHIVATEX,
SHIVTEX,
SHK,
SHOPERSTOP,
SHREECEM,
SHREEPUSHK,
SHREERAMA,
SHREYANIND,
SHREYAS,
SHRIPISTON,
SHRIRAMCIT,
SHRIRAMEPC,
SHYAMCENT,
SHYAMTEL,
SICAGEN,
SICAL,
SIEMENS,
SIGNET,
SIGNETIND,
SIL,
SILINV,
SIMBHALS,
SIMPLEX,
SIMPLEXINF,
SINTEX,
SINTEXPLAST,
SIS,
SITASHREE,
SITINET,
SIYSIL,
SJVN,
SKFINDIA,
SKIL,
SKIPPER,
SKMEGGPROD,
SMARTLINK,
SMLISUZU,
SMPL,
SMSLIFE,
SMSPHARMA,
SNOWMAN,
SOBHA,
SOLARINDS,
SOMANYCERA,
SOMATEX,
SOMICONV,
SOMICONVEY,
SONATSOFTW,
SORILINFRA,
SOTL,
SOUTHBANK,
SPAL,
SPARC,
SPECIALITY,
SPENTEX,
SPIC,
SPICEJET,
SPICEMOBI,
SPLIL,
SPMLINFRA,
SPTL,
SPYL,
SREEL,
SREINFRA,
SRF,
SRHHYPOLTD,
SRIPIPES,
SRSLTD,
SRTRANSFIN,
SSWL,
STAMPEDE,
STAN,
STAR,
STARCEMENT,
STARLIT,
STARPAPER,
STCINDIA,
STEELXIND,
STEL,
STERTOOLS,
STINDIA,
STRTECH,
SUBEX,
SUBROS,
SUDARSCHEM,
SUJANAUNI,
SUMEETINDS,
SUMMITSEC,
SUNCLAYLTD,
SUNDARAM,
SUNDARMFIN,
SUNDARMHLD,
SUNDRMBRAK,
SUNDRMFAST,
SUNFLAG,
SUNILHITEC,
SUNPHARMA,
SUNTECK,
SUNTV,
SUPERHOUSE,
SUPERSPIN,
SUPPETRO,
SUPRAJIT,
SUPREMEIND,
SUPREMEINF,
SUPREMETEX,
SURANACORP,
SURANAIND,
SURANASOL,
P,
SURYALAXMI,
SURYAROSNI,
SUTLEJTEX,
SUVEN,
SUYOG,
SUZLON,
SWANENERGY,
SWARAJENG,
SWELECTES,
SYMPHONY,
SYNCOM,
SYNDIBANK,
SYNGENE,
TAINWALCHM,
TAJGVK,
TAKE,
TALBROAUTO,
TALWALKARS,
TANLA,
TANTIACONS,
TARAJEWELS,
TARAPUR,
TARMAT,
TASTYBIT,
TASTYBITE,
TATACHEM,
TATACOFFEE,
TATACOMM,
TATAELXSI,
TATAGLOBAL,
TATAINVEST,
TATAMETALI,
TATAMOTORS,
TATAPOWER,
TATASPONGE,
TATASTEEL,
TATASTEELPP,
TBZ,
TCI,
TCIDEVELOP,
TCIEXP,
TCIFINANCE,
TCPLPACK,
TCS,
TDPOWERSYS,
TEAMLEASE,
TECHIN,
TECHM,
TECHNO,
TECHNOFAB,
TEJASNET,
TERASOFT,
TEXINFRA,
TEXMOPIPES,
TEXRAIL,
TFCILTD,
TFL,
TGBHOTELS,
THANGAMAYL,
THEBYKE,
THEMISMED,
THERMAX,
THIRUSUGAR,
THOMASCOOK,
THOMASCOTT,
THYROCARE,
TI,
TIDEWATER,
TIFHL,
TIFIN,
TIIL,
TIINDIA,
TIJARIA,
TIL,
TIMESGTY,
TIMETECHNO,
TIMKEN,
TINPLATE,
TIPSINDLTD,
TIRUMALCHM,
TITAN,
TMRVL,
TNPETRO,
TNPL,
TNTELE,
TOKYOPLAST,
TORNTPHARM,
TORNTPOWER,
TPLPLAST,
TPLPLASTEH,
TREEHOUSE,
TRENT,
TRF,
TRIDENT,
TRIGYN,
TRIL,
TRITURBINE,
TRIVENI,
TTKHEALTH,
TTKHLTCARE,
TTKPRESTIG,
TTL,
TTML,
TULSI,
TV18BRDCST,
TVSELECT,
TVSMOTOR,
TVSSRICHAK,
TVTODAY,
TVVISION,
TWL,
UBL,
UCALFUEL,
UCOBANK,
UFLEX,
UFO,
UGARSUGAR,
UJAAS,
UJJIVAN,
ULTRACAB,
ULTRACEMCO,
UMANGDAIR,
UMANGDAIRY,
UMESLTD,
UNICHEMLAB,
UNIENTER,
UNIONBANK,
UNIPHOS,
UNIPLY,
UNITDSPR,
UNITECH,
UNITEDBNK,
UNITEDTEA,
UNITY,
UNIVCABLES,
UPL,
URJA,
URJAGLOBA,
USHAMART,
USHERAGRO,
UTTAMSTL,
UTTAMSUGAR,
UVSL,
V2RETAIL,
VADILALIND,
VAIBHAVGBL,
VAKRANGEE,
VARDHACRLC,
VARDMNPOLY,
VASCONEQ,
VASWANI,
VBL,
VEDL,
VENKEYS,
VENKYS,
VENUSREM,
VESUVIUS,
VETO,
VFL,
VGUARD,
VHL,
VICEROY,
VIDEOIND,
VIDHIING,
VIJAYABANK,
VIJIFIN,
VIJSHAN,
VIKASECO,
VIMALOIL,
VIMTALABS,
VINATIORGA,
VINDHYATEL,
VINYLINDIA,
VIPCLOTHNG,
VIPIND,
VIPUL,
VIPULLTD,
VISAKAIND,
VISASTEEL,
VISESHINFO,
VISHAL,
VISHNU,
VIVIDHA,
VIVIMEDLAB,
VLSFINANCE,
VMART,
VOLTAMP,
VOLTAS,
VRLLOG,
VSSL,
VSTIND,
VSTTILLERS,
VTL,
WABAG,
WABCOINDIA,
WALCHANNAG,
WANBURY,
WEBELSOLAR,
WEIZFOREX,
WEIZMANIND,
WELCORP,
WELENT,
WELINV,
WELSPUNIND,
WENDT,
WESTLIFE,
WHEELS,
WHIRLPOOL,
WILLAMAGOR,
WIMPLAST,
WINDMACHIN,
WINSOME,
WINSOMTX,
WIPL,
WIPRO,
WOCKPHARMA,
WONDERLA,
WSI,
WSIND,
WSTCSTPAPR,
XCHANGING,
XLENERGY,
XPROINDIA,
YESBANK,
ZANDUREALT,
ZEEL,
ZEELEARN,
ZEEMEDIA,
ZENITHBIR,
ZENITHEXPO,
ZENSARTECH,
ZENTEC,
ZFSTEERING,
ZICOM,
ZODIACLOTH,
ZODJRDMKJ,
ZUARI,
ZUARIGLOB,
ZYDUSWELL,
ZYLOG,