20MICRONS,20 MICRONS  
21STCENMGM,TWENTYFIRST CENTURY MANAG
3IINFOTECH,3I INFOTECH  
3MINDIA,3M INDIA  
3PLAND,3P LAND HOLDINGS  
5PAISA,5paisa Capital     
63MOONS,63 Moons Technologies   
8KMILES,8K MILES SOFTWARE SERVICE
A2ZINFRA,A2Z INFRA ENGINEERING   
AANCHALISP,Aanchal Ispat     
AARTIDRUGS,AARTI DRUGS  
AARTIIND,AARTI INDUSTRIES  
AARVEEDEN,AARVEE DENIMS & EXPORTS  
ABAN,ABAN OFFSHORE  
ABB,ABB INDIA     
ABBOTINDIA,ABBOTT INDIA  
ABCAPITAL,Aditya Birla Capital 
ABFRL,Aditya Birla Fashion and Retail
ABMINTLTD,ABM INTERNATIONAL 
ACC,ACC  
ACCELYA,ACCELYA KALE SOLUTIONS    
ACE,ACTION CONSTRUCTION EQUIP
ADANIENT,ADANI ENTERPRISES  
ADANIGREEN,ADANI GREEN ENERGY 
ADANIPORTS,ADANI PORTS AND SPECIAL ECONOMIC ZONE
ADANIPOWER,ADANI POWER  
ADANITRANS,Adani Transmission     
ADFFOODS,ADF FOODS  
ADHUNIK,ADHUNIK METALIKS  
ADHUNIKIND,ADHUNIK INDUSTRIES 
ADLABS,Adlabs Entertainment   
ADORWELD,ADOR WELDING  
ADROITINFO,Adroit Infotech     
ADSL,ALLIED DIGITAL SERVICES  
ADVANIHOTR,ADVANI HOTELS & RESORTS
ADVENZYMES,Advanced Enzyme Technolog
AEGISCHEM,AEGIS LOGISTICS     
AEGISLOG,AEGIS LOGISTICS  
AFL,ACCEL FRONTLINE  
AGARIND,AGARWAL INDUSTRIAL CORPOR
AGCNET,AGC NETWORKS     
AGIIL,AGI Infra     
AGLSL,ARTEM GLOBAL LIFE SC 
AGRITECH,AGRI- TECH (INDIA) 
AHLEAST,ASIAN HOTELS (EAST)  
AHLUCONT,AHLUWALIA CONTRACTS (INDI
AHLWEST,ASIAN HOTELS (WEST) 
AIAENG,AIA ENGINEERING  
AICHAMP,AI CHAMPDANY INDS 
AIFL,ASHAPURA INTIMATES FASHIO
AJANTPHARM,AJANTA PHARMA  
AJMERA,AJMERA REALTY & INFRA IND
AKSCHEM,AKSHARCHEM (INDIA)  
AKSHARCHEM,AKSHARCHEM INDIA     
AKSHOPTFBR,AKSH OPTIFIBRE  
AKZOINDIA,AKZO NOBEL INDIA     
ALANKIT,ALANKIT
ALBERTDA,ALBERT DAVID  
ALBERTDAVD,ALBERT DAVID     
ALBK,ALLAHABAD BANK 
ALCHEM,ALCHEMIST 
ALEMBICLTD,ALEMBIC  
ALICON,ALICON CASTALLOY     
ALKALI,ALKALI METALS  
ALKEM,Alkem Laboratories    
ALKYLAMINE,ALKYL AMINES CHEMICALS    
ALLCARGO,ALLCARGO LOGISTICS  
ALLSEC,ALLSEC TECHNOLOGIES  
ALMONDZ,ALMONDZ GLOBAL SEC 
ALOKTEXT,ALOK INDUSTRIES 
ALPA,ALPA LABORATORIES  
ALPHAGEO,ALPHAGEO (INDIA)  
ALPSINDUS,ALPS INDUSTRIES  
AMARAJABAT,AMARA RAJA BATTERIES  
AMBER,Amber Enterprises India  
AMBIKCO,AMBIKA COTTON MILLS  
AMBITION,Ambition Mica     
AMBUJACEM,AMBUJA CEMENTS  
AMDIND,AMD INDUSTRIES  
AMJLAND,AMJ LAND HOLDINGS     
AMRUTANJAN,AMRUTANJAN HEALTH CARE 
ANANTRAJ,ANANT RAJ     
ANDHRABANK,ANDHRA BANK 
ANDHRACEMT,ANDHRA CEMENTS     
ANDHRSUGAR,ANDHRA SUGARS  
ANDREWYU,ANDREW YULE & COMPANY 
ANGIND,ANG INDUSTRIES     
ANIKINDS,ANIK INDUSTRIES 
ANKITMETAL,ANKIT MET & POW 
ANSALAPI,ANSAL PROPERTIES & INFRAS
ANSALHSG,ANSAL HOUSING & CONSTRUCT
ANTGRAPHIC,ANTARCTICA 
APARINDS,APAR INDUSTRIES  
APCL,ANJANI PORTLAND CEMENT    
APCOTEXIND,APCOTEX INDUSTRIES  
APEX,Apex Frozen Foods     
APLAPOLLO,APL APOLLO TUBES  
APLLTD,ALEMBIC PHARMACEUTICALS  
APOLLO,Apollo Micro Systems   
APOLLOHOSP,APOLLO HOSPITALS ENTERPRI
APOLLOTYRE,APOLLO TYRES  
APOLSINHOT,APOLLO SINDOORI HOTEL 
APTECHT,APTECH  
ARCHIDPLY,ARCHIDPLY INDUSTRIES  
ARCHIES,ARCHIES 
ARCOTECH,ARCOTECH  
ARENTERP,RAJDARSHAN INDUSTRIES 
ARIES,ARIES AGRO  
ARIHANT,ARIHANT FOUNDATIONS & HOU
ARIHANTSUP,ARIHANT SUPERSTRUCT 
ARMANFIN,ARMAN FIN SERV 
AROGRANITE,ARO GRANITE INDUSTRIES    
ARROWGREEN,Arrow Greentech     
ARROWTEX,ARROW TEXTILES  
ARSHIYA,ARSHIYA     
ARSSINFRA,ARSS INFRA PROJ. 
ARTEMIS,Artemis Global Life Scien
ARVIND,ARVIND  
ARVSMART,Arvind SmartSpaces    
ASAHIINDIA,ASAHI INDIA GLASS  
ASAHISONG,ASAHI SONGWON COLORS  
ASAL,AUTOMOTIVE STAMPINGS & AS
ASHAPURMIN,ASHAPURA MINECHEM  
ASHFL,Akme Star Housing Finance
ASHIANA,ASHIANA HOUSING  
ASHIMASYN,ASHIMA  
ASHOKA,ASHOKA BUILDCON  
ASHOKLEY,ASHOK LEYLAND  
ASIANHOTNR,ASIAN HOTELS (NORTH)   
ASIANPAINT,ASIAN PAINTS  
ASIANTILES,ASIAN GRANITO INDIA  
ASL,ARIHANT SUPERSTRUCTURES  
ASPINWALL,ASPINWALL & CO 
ASSAMCO,ASSAM COMPANY (INDIA)   
ASTAR,ASIAN STAR CO. 
ASTEC,ASTEC LIFESCIENCES    
ASTERDM,Aster DM Healthcare    
ASTRAL,ASTRAL POLY TECHNIK  
ASTRAMICRO,ASTRA MICROWAVE PRODUCTS 
ASTRAZEN,ASTRAZENECA PHARMA INDIA 
ASTRON,Astron Paper & Board Mill
ATFL,AGRO TECH FOODS  
ATISHAY,Atishay     
ATLANTA,ATLANTA  
ATLASCYCLE,ATLAS CYCLE (HARYANA) 
ATUL,ATUL  
ATULAUTO,ATUL AUTO  
AUBANK,AU Small Finance Bank   
AURIONPRO,AURIONPRO SOLUTIONS  
AUROPHARMA,AUROBINDO PHARMA  
AUSOMENT,AUSOM ENTERPRISE     
AUTOAXLES,AUTOMOTIVE AXLES  
AUTOIND,AUTOLINE INDUSTRIES  
AUTOLITIND,AUTOLITE (INDIA)  
AVADHSUGAR,AVADH SUGAR & ENERGY   
AVANTI,AVANTI FEEDS  
AVANTIFEED,AVANTI FEEDS     
AVTNPL,AVT NATURAL PRODUCTS  
AXISBANK,AXIS BANK  
AYMSYNTEX,AYM Syntex     
BAFNAPHARM,BAFNA PHARMACEUTICALS  
BAGFILMS,B.A.G.FILMS & MEDIA  
BAJAJ-AUTO,BAJAJ AUTO  
BAJAJCORP,BAJAJ CORP  
BAJAJELEC,BAJAJ ELECTRICALS  
BAJAJFINSV,BAJAJ FINSERV  
BAJAJHIND,BAJAJ HINDUSTHAN SUGAR    
BAJAJHLDNG,BAJAJ HOLDINGS & INVESTME
BAJFINANCE,BAJAJ FINANCE     
BALAJITELE,BALAJI TELEFILMS  
BALAMINES,BALAJI AMINES  
BALAXI,BALAXI VENTURES     
BALKRISHNA,Balkrishna Paper Mills    
BALKRISIND,BALKRISHNA INDUSTRIES 
BALLARPUR,BALLARPUR INDUSTRIES  
BALMLAWRIE,BALMER LAWRIE & CO. 
BALPHARMA,BAL PHARMA  
BALRAMCHIN,BALRAMPUR CHINI MILLS 
BANARBEADS,BANARAS BEADS  
BANARISUG,BANNARI AMMAN SUGARS  
BANCOINDIA,BANCO PRODUCTS (INDIA)    
BANDHANBNK,Bandhan Bank     
BANG,BANG OVERSEAS  
BANKBARODA,BANK OF BARODA
BANKINDIA,BANK OF INDIA
BANSWRAS,BANSWARA SYNTEX  
BARTRONICS,BARTRONICS INDIA     
BASF,BASF INDIA  
BASML,BANNARI AMMAN SPINNING MI
BATAINDIA,BATA INDIA  
BAYERCROP,BAYER CROPSCIENCE  
BBL,BHARAT BIJLEE  
BBTC,BOMBAY BURMAH TRADING COR
BCP,B.C. POWER CONTROLS 
BDL,Bharat Dynamics     
BEARDSELL,BEARDSELL     
BEDMUTHA,BEDMUTHA INDUST 
BEL,BHARAT ELECTRONICS  
BELLACASA,Bella Casa Fashion & Reta
BEML,BEML  
BENGALASM,BENGAL & ASSAM COMPANY    
BEPL,BHANSALI ENGINEERING POLY
BERGEPAINT,BERGER PAINTS INDIA  
BFINVEST,BF INVESTMENT  
BFUTILITIE,BF UTILITIES  
BGLOBAL,BHARATIYA GLOBAL INFO 
BGRENERGY,BGR ENERGY SYSTEMS  
BHAGERIA,BHAGERIA INDUSTRIES 
BHAGIL,Bhageria Industries    
BHAGYANGR,BHAGYANAGAR INDIA     
BHAGYAPROP,BHAGYANAGAR PRO 
BHAGYNAGAR,BHAGYANAGAR INDIA  
BHANDARI,BHANDARI HOSIERY EXP 
BHANDHOS,BHANDARI HOSIERY EXPORTS 
BHARATFIN,Bharat Financial Inclusio
BHARATFORG,BHARAT FORGE  
BHARATGEAR,BHARAT GEARS  
BHARATRAS,BHARAT RASAYAN  
BHARATWIRE,Bharat Wire Ropes     
BHARTIARTL,BHARTI AIRTEL  
BHEL,BHARAT HEAVY ELECTRICALS 
BHUSANSTL,BHUSHAN STEEL  
BIGBLOC,Bigbloc Construction   
BIL,BHARTIYA INTERNATIONAL    
BILENERGY,BIL ENERGY SYSTEMS 
BILPOWER,BILPOWER     
BINANIIND,BINANI INDUSTRIES  
BINDALAGRO,Oswal Greentech     
BIOCON,BIOCON  
BIOFILCHEM,BIOFIL CHEM & PHARMA  
BIRLACABLE,BIRLA CABLE     
BIRLACORPN,BIRLA CORPORATION  
BIRLAMONEY,ADITYA BIRLA MONEY 
BKMINDST,BKM INDUSTRIES     
BLBLIMITED,BLB     
BLIL,BALMER LAWRIE INVESTMENTS
BLISSGVS,BLISS GVS PHARMA  
BLKASHYAP,B. .KASHYAP AND SONS  
BLS,BLS International Service
BLUBLND-B,BLUE BLENDS (INDIA)  
BLUEBLENDS,BLUE BLENDS (I) 
BLUECHIP,BLUE CHIP INDIA     
BLUECOAST,BLUE COAST HOTELS  
BLUEDART,BLUE DART EXPRESS  
BLUESTARCO,BLUE STAR  
BODALCHEM,BODAL CHEMICALS  
BOMDYEING,BOMBAY DYEING & MFG.CO.   
BOROSIL,BOROSIL GLASS WORKS  
BOSCHLTD,BOSCH  
BPCL,BHARAT PETROLEUM CORPORAT
BPL,BPL  
BRFL,BOMBAY RAYON FASHIONS 
BRIGADE,BRIGADE ENTERPRISES  
BRITANNIA,BRITANNIA INDUSTRIES  
BRNL,Bharat Road Network    
BROOKS,BROOKS LABORATORIES  
BSE,BSE     
BSELINFRA,BSEL INFRASTRUCTURE REALT
BSL,BSL  
BURNPUR,BURNPUR CEMENT  
BUTTERFLY,BUTTERFLY GANDHIMATHI APP
BVCL,BARAK VALLEY CEM.  
BYKE,THE BYKE HOSPITALITY 
CADILAHC,CADILA HEALTHCARE  
CALSOFT,CALIFORNIA SOFTWARE CO    
CAMLINFINE,Camlin Fine Sciences 
CANBK,CANARA BANK 
CANDC,C & C CONSTRUCTIONS  
CANFINHOME,CAN FIN HOMES  
CANTABIL,CANTABIL RETAIL 
CAPACITE,Capacit'e Infraprojects  
CAPF,CAPITAL FIRST  
CAPITALT,CAPITAL TRUST  
CAPLIPOINT,CAPLIN POINT LAB  
CAPPL,CAPLIN POINT LABORATORIES
CAPTRUST,CAPITAL TRUST     
CARBORUNIV,CARBORUNDUM UNIVERSAL 
CAREERP,CAREER POINT  
CARERATING,CARE Ratings     
CASTEXTECH,CASTEX TECHNOLOGIES  
CASTROLIND,CASTROL INDIA  
CCCL,CONSOLIDATED CONSTRUCTION
CCHHL,COUNTRY CLUB HOSPITALITY 
CCL,CCL PRODUCTS (INDIA)  
CDSL,CENTRAL DEPO SER (I) 
CEATLTD,CEAT  
CEBBCO,COMMERCIAL ENGINEERS & BO
CEINSYSTECH,CEINSYS TECH     
CELEBRITY,CELEBRITY FASHIONS  
CELESTIAL,CELESTIAL BIOLABS     
CENTENKA,CENTURY ENKA  
CENTEXT,CENTURY EXTRUSIONS  
CENTRALBK,CENTRAL BANK OF INDIA
CENTRUM,CENTRUM CAPITAL  
CENTUM,CENTUM ELECTRONICS  
CENTURYPLY,CENTURY PLYBOARDS (I) 
CENTURYTEX,CENTURY TEXTILES & INDUST
CERA,CERA SANITARYWARE  
CEREBRAINT,CEREBRA INT TECH 
CESC,CESC  
CGCL,CAPRI GLOBAL CAPITAL   
CGPOWER,CG Power and Industrial S
CHAMBLFERT,CHAMBAL FERTILISERS & CHE
CHEMFAB,CHEMFAB ALKALIS     
CHENNPETRO,CHENNAI PETROLEUM CORPORA
CHOLAFIN,CHOLAMANDALAM INVESTMENT 
CHROMATIC,CHROMATIC INDIA 
CIGNITITEC,CIGNITI TECHNOLOGIES 
CIMMCO,CIMMCO  
CINELINE,CINELINE INDIA     
CINEVISTA,CINEVISTA  
CIPLA,CIPLA  
CLEDUCATE,CL Educate     
CLNINDIA,CLARIANT CHEMICALS (INDIA
CMI,CMI  
CMICABLES,CMI     
CNOVAPETRO,CIL NOVA PETROCHEMICALS  
COALINDIA,COAL INDIA  
COCHINSHIP,Cochin Shipyard     
COFFEEDAY,Coffee Day Enterprises    
COLPAL,COLGATE-PALMOLIVE (INDIA)
COMCL,COMFORT COMMOTRADE  
COMPINFO,COMPUAGE INFOCOM 
COMPUAGE,COMPUAGE INFOCOM  
COMPUSOFT,COMPUCOM SOFTWARE  
CONCOR,CONTAINER CORPORATION OF 
CONSOFINVT,CONSO. FIN. & HOLD.  
CONTROLPR,CONTROL PRINT  
CORALFINAC,CORAL INDIA FINANCE & HOU
CORDSCABLE,CORDS CABLE INDUSTRIES    
COROMANDEL,COROMANDEL INTERNATIONAL 
CORPBANK,CORPORATION BANK 
COSMOFILMS,COSMO FILMS  
COUNCODOS,COUNTRY CONDOS  
COX&KINGS,COX & KINGS     
CPSEETF,CPSE ETF
CRANESSOFT,CRANES SOFTWARE INTERNATIONAL
CREATIVEYE,CREATIVE EYE  
CREST,CREST VENTURES     
CRISIL,CRISIL  
CROMPTON,Crompton Greaves Consumer
CTE,CAMBRIDGE TECHNOLOGY ENTE
CUB,CITY UNION BANK  
CUBEXTUB,CUBEXTUBINGS-ROLLSETT
CUMMINSIND,CUMMINS INDIA  
CUPID,CUPID  
CURATECH,CURA TECHNOLOGIES 
CYBERMEDIA,CYBER MEDIA (INDIA)  
CYBERTECH,CYBERTECH SYSTEMS AND SOF
CYIENT,CYIENT     
DAAWAT,    FOODS  
DABUR,DABUR INDIA  
DALMIABHA,DALMIA BHARAT  
DALMIASUG,DALMIA BHARAT SUGAR AND INDUSTRIES
DAMODARIND,DAMODAR INDUSTRIES 
DAMOINDUS,DAMODAR INDUSTRIES  
DATAMATICS,DATAMATICS GLOBAL SERVICE
DBCORP,D B CORP 
DBL,Dilip Buildcon     
DBREALTY,D B REALTY 
DBSTOCKBRO,DB (INTERNATIONAL) STOCK 
DCAL,Dishman Carbogen Amcis    
DCBBANK,DCB BANK     
DCM,DCM  
DCMFINSERV,DCM FINANCIAL SERVICES    
DCMSHRIRAM,DCM SHRIRAM     
DCW,DCW  
DECCANCE,DECCAN CEMENTS  
DEEPAKFERT,DEEPAK FERTILISERS & PETR
DEEPAKNI,DEEPAK NITRITE  
DEEPAKNTR,DEEPAK NITRITE 
DEEPIND,DEEP INDUSTRIES  
DELTACORP,DELTA CORP  
DELTAMAGNT,DELTA MAGNETS  
DEN,DEN NETWORKS 
DENABANK,DENA BANK 
DENORA,DE NORA INDIA  
DFM,DFM FOODS  
DFMFOODS,DFM FOODS     
DHAMPURSUG,DHAMPUR SUGAR MILLS  
DHANBANK,DHANLAXMI BANK     
DHANUKA,DHANUKA AGRITECH  
DHARSUGAR,DHARANISUGARS &CHEMICALS
DHFL,DEWAN HOUSING FINANCE COR
DHUNINV,DHUNSERI INVESTMENTS  
DHUNTEAIND,Dhunseri Tea & Industries
DIAMONDYD,Prataap Snacks     
DIAPOWER,DIAMOND POWER INFRA 
DICIND,DIC INDIA  
DIGJAMLTD,DIGJAM     
DISHTV,DISH TV INDIA  
DIVISLAB,DIVIS LABORATORIES  
DIXON,Dixon Technologies (India
DLF,DLF  
DLINKINDIA,D-LINK INDIA 
DMART,Avenue Supermarts     
DNAMEDIA,Diligent Media Corporatio
DOLLAR,DOLLAR INDUSTRIES     
DOLPHINOFF,DOLPHIN OFFSHORE ENTERPRI
DONEAR,DONEAR INDUSTRIES  
DPL,DPL  
DPSCLTD,DPSC     
DQE,DQ ENTERTAINMENT INT 
DREDGECORP,DREDGING CORPORATION OF I
DRREDDY,DR.REDDYS LABORATORIES    
DSSL,DYNACONS SYSTEMS & SOLUTI
DTIL,DHUNSERI TEA & IND.  
DUCON,Ducon Infratechnologies  
DWARKESH,DWARIKESH SUGAR INDUSTRIE
DYNAMATECH,DYNAMATIC TECHNOLOGIES    
DYNPRO,DYNEMIC PRODUCTS  
EASTSILK,EASTERN SILK INDUSTRIES  
EASUNREYRL,EASUN REYROLLE 
ECEIND,ECE INDUSTRIES  
ECLERX,ECLERX SERVICES  
EDELWEISS,EDELWEISS FINANCIAL SERVI
EDL,EMPEE DISTILLERIES  
EICHERMOT,EICHER MOTORS  
EIDPARRY,E.I.D.-PARRY (INDIA)  
EIHAHOTELS,EIH ASSOCIATED HOTELS 
EIHOTEL,EIH  
EIMCOELECO,EIMCO ELECON (INDIA)  
EKC,EVEREST KANTO CYLINDER    
ELAND,E-Land Apparel     
ELANTAS,ELANTAS BECK INDIA  
ELECON,ELECON ENGINEERING CO.
ELECTCAST,ELECTROSTEEL CASTINGS 
ELECTHERM,ELECTROTHERM (INDIA)  
ELECTROSL,ELECTROSTEEL STEELS 
ELGIEQUIP,ELGI EQUIPMENTS  
ELGIRUBCO,ELGI RUBBER CO. 
EMAMIINFRA,EMAMI INFRASTRUCTURE  
EMAMILTD,EMAMI  
EMAMIPAP,EMAMI PAPER MILLS  
EMCO,EMCO     
EMKAY,EMKAY GLOBAL FINANCIAL SE
EMMBI,EMMBI INDUSTRIES 
EMPIND,EMPIRE INDUSTRIES  
ENDURANCE,Endurance Technologies    
ENERGYDEV,ENERGY DEVELOPMENT COMPAN
ENGINERSIN,ENGINEERS INDIA  
ENIL,ENTERTAINMENT NETWORK (IN
EON,EON ELECTRIC  
EQUITAS,Equitas Holdings     
ERIS,Eris Lifesciences     
EROSMEDIA,EROS INTERNATIONAL MEDIA 
ESABINDIA,ESAB INDIA  
ESCORTS,ESCORTS  
ESSARSHPNG,ESSAR SHIPPING  
ESSDEE,ESS DEE ALUM 
ESSELPACK,ESSEL PROPACK 
ESSELPRO,ESSEL PROPACK  
ESTER,ESTER INDUSTRIES  
EUROCERA,EURO CERAMICS  
EUROMULTI,EURO MULTIVISION  
EUROTEXIND,EUROTEX INDUSTRIES & EXPO
EVEREADY,EVEREADY INDUSTRIES INDIA
EVERESTIND,EVEREST INDUSTRIES  
EXCEL,EXCEL REALTY N INFRA  
EXCELCROP,EXCEL CROP CARE  
EXCELINDUS,EXCEL INDUSTRIES  
EXIDEIND,EXIDE INDUSTRIES  
FACT,FERTILIZERS & CHEMICALS T
FAIRCHEM,Fairchem Speciality    
FCL,FINEOTEX CHEMICAL  
FCONSUMER,Future Consumer     
FCSSOFT,FCS SOFTWARE SOLN.  
FDC,FDC  
FEDDERELEC,Fedders Electric and Engi
FEDERALBNK,FEDERAL BANK  
FEL,Future Enterprises    
FELDVR,Future Enterprises    
FIEMIND,FIEM INDUSTRIES  
FILATEX,FILATEX INDIA  
FINCABLES,FINOLEX CABLES  
FINOLEXIND,FINOLEX INDUSTRIES  
FINPIPE,FINOLEX INDUSTRIES 
FLEXITUFF,FLEXITUFF INTERNATIONAL  
FLFL,FUTURE LIFESTYLE FASHIONS
FMGOETZE,FEDERAL-MOGUL GOETZE (IND
FMNL,FUTURE MARKET NETWORKS    
FORBESCO,FORBES & COMPANY  
FORCEMOT,FORCE MOTORS  
FORTIS,FORTIS HEALTHCARE  
FORTUNEF,FORTUNE FINANCIAL SERVICE
FORTUNEFIN,FORTUNE FIN SERV (I) 
FOSECOIND,FOSECO INDIA  
FRETAIL,Future Retail  
FSC,Future Supply Chain Solut
FSL,FIRSTSOURCE SOLUTIONS 
GABRIEL,GABRIEL INDIA  
GAEL,GUJARAT AMBUJA EXPORTS    
GAIL,GAIL (INDIA)  
GAL,GYSCOAL ALLOYS  
GALAXYSURF,Galaxy Surfactants    
GALLANTT,GALLANTT METAL  
GALLISPAT,GALLANTT ISPAT  
GAMMNINFRA,GAMMON INFRASTRUCTURE PRO
GANDHITUBE,GANDHI SPECIAL TUBES  
GANECOS,GANESHA ECOSPHERE  
GANESHHOUC,GANESH HOUSING CORPORATIO
GANGESSEC,Ganges Securities  
GANGESSECU,GANGES SECURITIES     
GARDENSILK,GARDEN SILK MILLS  
GARWALLROP,GARWARE-WALL ROPES  
GATI,GATI  
GAYAPROJ,GAYATRI PROJECTS  
GDL,GATEWAY DISTRIPARKS  
GEECEE,GEECEE VENTURES     
GEMINI,GEMINI COMM. 
GENESYS,GENESYS INTERNATIONAL COR
GENUSPAPER,GENUS PAPER & BOARDS   
GENUSPOWER,GENUS POWER INFRASTRUCTUR
GEOJITFSL,Geojit Financial Services
GEPIL,GE Power India 
GESHIP,GREAT EASTERN SHIPPING CO
GET&D,GE T&D India     
GGPL,Gala Global Products   
GHCL,GHCL  
GICHSGFIN,GIC HOUSING FINANCE  
GICRE,General Insurance Corpora
GILLANDERS,GILLANDERS ARBUTHNOT & CO
GILLETTE,GILLETTE INDIA  
GINNIFILA,GINNI FILAMENTS  
GIPCL,GUJARAT INDUSTRIES POWER 
GISOLUTION,GI ENGINEERING SOLUTIONS 
GITANJALI,GITANJALI GEMS     
GKWLIMITED,GKW     
GLAXO,GLAXOSMITHKLINE PHARMACEU
GLENMARK,GLENMARK PHARMACEUTICALS 
GLFL,GUJARAT LEASE FINANCING  
GLOBALVECT,GLOBAL VECTRA HELICORP    
GLOBOFFS,GLOBAL OFFSHORE SERVICES 
GLOBUSSPR,GLOBUS SPIRITS  
GMBREW,G.M.BREWERIES  
GMDCLTD,GUJARAT MINERAL DEVELOPME
GMM,GMM PFAUDLER  
GMMPFAUDLR,GMM PFAUDLER     
GMRINFRA,GMR INFRASTRUCTURE  
GNA,G N A Axles     
GNFC,GUJARAT NARMADA VALLEY FE
GOACARBON,GOA CARBON  
GOCLCORP,GOCL Corporation     
GODFRYPHLP,GODFREY PHILLIPS INDIA    
GODREJAGRO,Godrej Agrovet     
GODREJCP,GODREJ CONSUMER PRODUCTS 
GODREJIND,GODREJ INDUSTRIES  
GODREJPROP,GODREJ PROPERTIES 
GOKEX,GOKALDAS EXPORTS  
GOKUL,GOKUL REFOILS & SOLVENT  
GOKULAGRO,Gokul Agro Resources 
GOLDENTOBC,GOLDEN TOBACCO     
GOLDIAM,GOLDIAM INTERNATIONAL 
GOLDINFRA,GOLDSTONE INFRATECH  
GOLDTECH,GOLDSTONE TECHNOLOGIES    
GOODLUCK,Goodluck India     
GOODYEAR,GOODYEAR INDIA  
GOVNOW,Sab Events & Governance N
GPIL,GODAWARI POWER & ISPAT    
GPPL,GUJARAT PIPAVAV PORT  
GPTINFRA,GPT INFRAPROJECTS  
GRANULES,GRANULES INDIA  
GRAPHITE,GRAPHITE INDIA  
GRASIM,GRASIM INDUSTRIES  
GRAUWEIL,GRAUER & WEIL (INDIA) 
GRAVITA,GRAVITA INDIA  
GREAVESCOT,GREAVES COTTON  
GREENLAM,GREENLAM INDUSTRIES  
GREENPLY,GREENPLY INDUSTRIES  
GREENPOWER,ORIENT GREEN POWER COMPAN
GRINDWELL,GRINDWELL NORTON  
GRNLAMIND,Greenlam Industries 
GROBTEA,THE GROB TEA COMPANY 
GRPLTD,GRP  
GRUH,GRUH FINANCE  
GSCLCEMENT,GUJARAT SIDHEE CEMENT 
GSFC,GUJARAT STATE FERTILIZERS
GSKCONS,GLAXOSMITHKLINE CONSUMER 
GSPL,GUJARAT STATE PETRONET    
GSS,GSS INFOTECH  
GTL,GTL  
GTLINFRA,GTL INFRA.
GTNIND,GTN INDUSTRIES     
GTNINDS,GTN INDUSTRIES  
GTNTEX,GTN TEXTILES  
GTPL,GTPL Hathway     
GUFICBIO,GUFIC BIOSCIENCES  
GUJALKALI,GUJARAT ALKALIES & CHEMIC
GUJAPOLLO,GUJARAT APOLLO INDUSTRIES
GUJFLUORO,GUJARAT FLUOROCHEMICALS  
GUJGAS,Gujarat Gas     
GUJGASLTD,GUJARAT GAS     
GUJRAFFIA,GUJARAT RAFFIA INDUST 
GULFOILLUB,GULF OIL LUBRICANTS INDIA
GULFPETRO,GP PETROLEUMS 
GULPOLY,GULSHAN POLYOLS  
GVKPIL,GVK POWER & INFRASTRUCTUR
HAL,Hindustan Aeronautics   
HANUNG,HANUNG TOYS & TEX 
HARITASEAT,HARITA SEATING SYSTEMS    
HARRMALAYA,HARRISONS MALAYALAM  
HATHWAY,HATHWAY CABLE & DATACOM  
HATSUN,HATSUN AGRO PRODUCT  
HAVELLS,HAVELLS INDIA  
HAVISHA,SRI HAVISHA HOSP & INFR  
HAWKINCOOK,HAWKINS COOKERS  
HBLPOWER,HBL POWER SYSTEMS  
HCC,HINDUSTAN CONSTRUCTION CO
HCG,HealthCare Global Enterpr
HCL-INSYS,HCL INFOSYSTEMS  
HCLTECH,HCL TECHNOLOGIES  
HDFC,HOUSING DEVELOPMENT FINAN
HDFCBANK,HDFC BANK  
HDFCLIFE,HDFC Standard Life Insura
HDIL,HOUSING DEVELOPMENT & INF
HEG,HEG  
HEIDELBERG,HEIDELBERGCEMENT INDIA 
HERCULES,HERCULES HOISTS  
HERITGFOOD,HERITAGE FOODS     
HEROMOTOCO,HERO MOTOCORP  
HESTERBIO,HESTER BIOSCIENCES  
HEXATRADEX,HEXA TRADEX     
HEXAWARE,HEXAWARE TECHNOLOGIES 
HFCL,HIMACHAL FUTURISTIC COMMU
HGINFRA,H.G. Infra Engineering    
HGS,HINDUJA GLOBAL SOLUTIONS 
HIGHGROUND,HIGH GROUND ENTERPRISE    
HIKAL,HIKAL  
HIL,HIL  
HILTON,HILTON METAL FORGING 
HIMATSEIDE,HIMATSINGKA SEIDE  
HINDALCO,HINDALCO INDUSTRIES  
HINDCOMPOS,HINDUSTAN COMPOSITES  
HINDCOPPER,HINDUSTAN COPPER  
HINDDORROL,HINDUSTAN DORR OLIVER    
HINDMOTORS,HINDUSTAN MOTORS  
HINDNATGLS,HINDUSTHAN NATIONAL GLASS
HINDOILEXP,HINDUSTAN OIL EXPLORATION
HINDPETRO,HINDUSTAN PETROLEUM CORPO
HINDSYNTEX,HIND SYNTEX  
HINDUJAVEN,HINDUJA VENTURES  
HINDUNILVR,HINDUSTAN UNILEVER  
HINDZINC,HINDUSTAN ZINC  
HIRECT,HIND RECTIFIERS  
HISARMET,HISAR METAL INDUSTRIES    
HISARMETAL,HISAR METAL IND.     
HITECH,HI-TECH PIPES     
HITECHCORP,Hitech Corporation    
HITECHGEAR,The Hi-Tech Gears 
HMVL,HINDUSTAN MEDIA VENTURES
HOCL,HINDUSTAN ORGANIC CHEMICA
HONAUT,HONEYWELL AUTOMATION INDI
HONDAPOWER,HONDA SIEL POWER PRODUCTS
HOTELEELA,HOTEL LEELAVENTURE  
HOTELRUGBY,HOTEL RUGBY 
HOVS,HOV SERVICES  
HPL,HPL Electric & Power   
HSCL,Himadri Speciality Chemic
HSIL,HSIL  
HTMEDIA,HT MEDIA  
HUBTOWN,HUBTOWN  
HUDCO,Housing &Urban Developmen
IBREALEST,INDIABULLS REAL ESTATE    
IBULHSGFIN,INDIABULLS HOUSING FINANC
IBULISL,INDIABULLS INTEGR SER 
IBVENTUREPP,Indiabulls Ventures    
IBVENTURES,INDIABULLS VENTURES  
ICICIBANK,ICICI BANK  
ICICIGI,ICICI Lombard General Ins
ICIL,INDO COUNT INDUSTRIES 
ICRA,ICRA  
ICSA,ICSA (INDIA)     
IDBI,IDBI BANK  
IDEA,IDEA CELLULAR  
IDFC,IDFC     
IDFCBANK,IDFC Bank     
IEX,Indian Energy Exchange    
IFBAGRO,IFB AGRO INDUSTRIES 
IFBIND,IFB INDUSTRIES  
IFCI,IFCI  
IFGLEXPOR,IFGL Refractories     
IGARASHI,IGARASHI MOTORS INDIA 
IGL,INDRAPRASTHA GAS  
IGPL,I G PETROCHEMICALS  
IIFL,IIFL HOLDINGS     
IITL,INDUSTRIAL INVESTMENT TRU
IL&FSENGG,IL&FS ENGINEERING AND CON
IL&FSTRANS,IL&FS TRANSPORTATION NETW
IMFA,INDIAN METALS & FERRO ALL
IMPAL,INDIA MOTOR PARTS & ACCES
IMPEXFERRO,IMPEX FERRO TECH     
INDBANK,INDBANK MERCHANT BANKING 
INDHOTEL,INDIAN HOTELS CO. 
INDIACEM,INDIA CEMENTS  
INDIAGLYCO,INDIA GLYCOLS  
INDIANB,INDIAN BANK  
INDIANCARD,INDIAN CARD CLOTHING CO. 
INDIANHUME,INDIAN HUME PIPE CO. 
INDIGO,InterGlobe Aviation    
INDLMETER,IMP POWERS  
INDNIPPON,INDIA NIPPON ELECTRICALS 
INDOCO,INDOCO REMEDIES  
INDORAMA,INDO RAMA SYNTHETICS (IND
INDOSOLAR,INDOSOLAR  
INDOSTAR,IndoStar Capital Finance 
INDOTECH,INDO TECH TRANSFORMERS    
INDOTHAI,INDO THAI SECURITIES  
INDOWIND,INDOWIND ENERGY  
INDRAMEDCO,INDRAPRASTHA MEDICAL CORP
INDSWFTLAB,IND-SWIFT LABORATORIES 
INDSWFTLTD,IND-SWIFT     
INDTERRAIN,INDIAN TERRAIN FASHIONS 
INDUSINDBK,INDUSIND BANK  
INEOSSTYRO,INEOS Styrolution India 
INFIBEAM,Infibeam Incorporation    
INFINITE,INFINITE COMPUTER SOLUTION
INFRATEL,BHARTI INFRATEL  
INFY,INFOSYS  
INGERRAND,INGERSOLL-RAND (INDIA) 
INOXLEISUR,INOX LEISURE  
INOXWIND,Inox Wind     
INSECTICID,INSECTICIDES (INDIA)  
INTEGRA,INTEGRA GARMENT & TEX 
INTELLECT,INTELLECT DESIGN ARENA    
INTENTECH,INTENSE TECHNOLOGIES  
INVENTURE,INVENTURE GROWTH & SECURI
IOB,INDIAN OVERSEAS BANK
IOC,INDIAN OIL CORPORATION 
IOLCP,IOL CHEM AND PHARMA 
IPAPPM,INTERNATIONAL PAPER APPM 
IPCALAB,IPCA LABORATORIES  
IRB,IRB INFRASTRUCTURE DEVELO
ISEC,ICICI Securities     
ISFT,INTRASOFT TECHNOLOGIES    
ISGEC,ISGEC HEAVY ENGINEERING  
ISMTLTD,ISMT  
ITC,ITC  
ITDC,INDIA TOURISM DEVELOPMENT
ITDCEM,ITD CEMENTATION INDIA 
ITI,ITI  
IVC,IL&FS INVESTMENT MANAGERS
IVP,IVP  
IVRCLINFRA,IVRCL 
IZMO,IZMO     
J&KBANK,JAMMU & KASHMIR BANK  
JAGRAN,JAGRAN PRAKASHAN  
JAGSNPHARM,JAGSONPAL PHARMACEUTICALS
JAIBALAJI,JAI BALAJI INDUSTRIES 
JAICORPLTD,JAI CORP  
JAIHINDPRO,JAIHIND PROJECTS  
JAINSTUDIO,JAIN STUDIOS     
JAMNAAUTO,JAMNA AUTO INDUSTRIES 
JAYAGROGN,JAYANT AGRO-ORGANICS  
JAYBARMARU,JAY BHARAT MARUTI  
JAYNECOIND,JAYASWAL NECO INDUSTRIES 
JAYSHREETEA,JAY SHREE TEA & INDUSTRIE
JAYSREETEA,JAYSHREE TEA & INDUSTRIES
JBCHEPHARM,J.B.CHEMICALS & PHARMACEU
JBFIND,JBF INDUS  -DEP-LS ML
JBMA,JBM AUTO  
JCHAC,Johnson Controls-Hitachi 
JETAIRWAYS,JET AIRWAYS (INDIA)  
JHS,JHS SVENDGAARD LABORATORI
JIKIND,JIK INDUSTRIES 
JINDALPHOT,JINDAL PHOTO  
JINDALPOLY,JINDAL POLY FILMS  
JINDALSAW,JINDAL SAW  
JINDALSTEL,JINDAL STEEL & POWER  
JINDCOT,JINDAL COTEX 
JINDRILL,JINDAL DRILLING & INDUSTR
JINDWORLD,JINDAL WORLDWIDE  
JISLDVREQS,JAIN IRRIGATION SYSTEMS  
JISLJALEQS,JAIN IRRIGATION SYSTEMS  
JITFINFRA,JITF INFRALOGISTICS 
JIYAECO,Jiya Eco-Products     
JKCEMENT,J.K.CEMENT  
JKIL,J.KUMAR INFRAPROJECTS 
JKLAKSHMI,JK LAKSHMI CEMENT  
JKPAPER,JK PAPER  
JKTYRE,JK TYRE & INDUSTRIES  
JMA,JULLUNDUR MOT AGENCY 
JMCPROJECT,JMC PROJECTS (INDIA)  
JMFINANCIL,JM FINANCIAL  
JMTAUTOLTD,JMT AUTO  
JOCIL,JOCIL     
JPASSOCIAT,JAIPRAKASH ASSOCIATES 
JPINFRATEC,JAYPEE INFRATECH 
JPOLYINVST,JINDAL POLY INVESTMENT AN
JPPOWER,JAIPRAKASH POWER VENTURES
JSL,JINDAL STAINLESS  
JSLHISAR,Jindal Stainless (Hisar) 
JSWENERGY,JSW ENERGY 
JSWHL,JSW HOLDINGS     
JSWSTEEL,JSW STEEL  
JTEKTINDIA,JTEKT India 
JUBILANT,JUBILANT LIFE SCIENCES    
JUBLFOOD,JUBILANT FOODWORKS 
JUBLINDS,JUBILANT INDUSTRIES  
JUSTDIAL,JUST DIAL  
JVLAGRO,JVL AGRO INDUSTRIES  
JYOTHYLAB,JYOTHY LABORATORIES  
KABRAEXTRU,KABRA EXTRUSIONTECHNIK    
KAJARIACER,KAJARIA CERAMICS  
KAKATCEM,KAKATIYA CEMENT SUGAR & I
KALPATPOWR,KALPATARU POWER TRANSMISS
KALYANI,KALYANI COMMERCIALS 
KALYANIFRG,KALYANI FORGE     
KAMAHOLD,KAMA HOLDINGS     
KAMATHOTEL,KAMAT HOTELS (INDIA)  
KAMDHENU,Kamdhenu     
KANANIIND,KANANI INDUSTRIES  
KANORICHEM,KANORIA CHEMICALS & INDUS
KANSAINER,KANSAI NEROLAC PAINTS 
KARDA,Karda Constructions    
KARMAENG,KARMA ENERGY  
KARURVYSYA,KARUR VYSYA BANK  
KAUSHALYA,KAUSHALYA INFRASTRUCTURE 
KAVVERITEL,KAVVERI TELECOM PRODUCTS 
KAYA,Kaya     
KCP,K.C.P. 
KCPSUGIND,KCP SUGAR & INDUSTRIES CO
KDDL,KDDL  
KEC,KEC INTERNATIONAL  
KECL,KIRLOSKAR ELECTRIC COMPAN
KEI,KEI INDUSTRIES  
KELLTONTEC,KELLTON TECH SOLUTIONS    
KENNAMET,KENNAMETAL INDIA  
KESARENT,KESAR ENTERPRISES  
KESORAMIND,KESORAM INDUSTRIES  
KEYCORPSER,KEYNOTE CORPORATE SERVICE
KGL,KARUTURI GLOBAL     
KHADIM,Khadim India     
KHAITANELE,KHAITAN ELECTRICALS 
KHAITANLTD,KHAITAN (INDIA)  
KHANDSE,KHANDWALA SECURITIES  
KICL,KALYANI INVESTMENT COMPAN
KILITCH,KILITCH DRUGS (INDIA) 
KINGFA,Kingfa Science & Technolo
KIOCL,KIOCL     
KIRIINDUS,KIRI INDUSTRIES  
KIRLFER,KIRLOSKAR FERROUS INDUSTR
KIRLOSBROS,KIRLOSKAR BROTHERS  
KIRLOSENG,KIRLOSKAR OIL ENGINES 
KIRLOSIND,KIRLOSKAR INDUSTRIES 
KIRLPNU,KIRLOSKAR PNEUMATIC CO.   
KITEX,KITEX GARMENTS  
KKCL,KEWAL KIRAN CLOTHING  
KMSUGAR,K.M.SUGAR MILLS  
KNRCON,KNR CONSTRUCTIONS  
KOHINOOR,KOHINOOR FOODS  
KOKUYOCMLN,KOKUYO CAMLIN  
KOLTEPATIL,KOLTE-PATIL DEVELOPERS    
KOPRAN,KOPRAN  
KOTAKBANK,KOTAK MAHINDRA BANK  
KOTARISUG,KOTHARI SUG & CHEM  
KOTHARIPET,KOTHARI PETROCHEM 
KOTHARIPRO,KOTHARI PRODUCTS  
KPIT,KPIT TECHNOLOGIES     
KPRMILL,K.P.R.MILL  
KRBL,KRBL  
KREBSBIO,KREBS BIOCHEMICALS & IND
KRIDHANINF,KRIDHAN INFRA     
KRIINFRA,KRIDHAN INFRA     
KSBPUMPS,KSB PUMPS  
KSCL,KAVERI SEED COMPANY  
KSERASERA,KSS     
KSK,KSK ENERGY VENTURES  
KSL,KALYANI STEELS  
KTIL,KESAR TERMINALS & INFRAST
KTKBANK,KARNATAKA BANK  
KWALITY,KWALITY     
 &TFH, &T FINANCE HOLDINGS  
LAKPRE,LAKSHMI PRECISION SCREWS 
LAKSHMIEFL,LAKSHMI ENG. & FOODS 
LAKSHMIO,LAKSHMI OVERSEAS INDUSTRI
LAKSHVILAS,LAKSHMI VILAS BANK  
LALPATHLAB,Dr. Lal Pathlabs     
LAMBODHARA,LAMBODHARA TEXTILES  
LANCER,Lancer Container Lines    
LAOPALA,LA OPALA RG  
LASA,Lasa Supergenerics    
LAURUSLABS,Laurus Labs     
LAXMIMACH,LAKSHMI MACHINE WORKS 
LEEL,Leel Electricals     
LEHIL,Lotus Eye Hospital And In
LEMONTREE,Lemon Tree Hotels     
LFIC,LAKSHMI FIN IND CORP 
LGBBROSLTD, .G.BALAKRISHNAN & BROS. 
LGBFORGE,LGB FORGE     
LIBERTSHOE,LIBERTY SHOES  
LICHSGFIN,LIC HOUSING FINANCE  
LINCOLN,LINCOLN PHARMA 
LINCOPH,LINCOLN PHARMACEUTICALS  
LINCPEN,LINC PEN & PLASTICS 
LINCPENQ,LINC PEN & PLASTICS  
LINDEINDIA,LINDE INDIA     
LITL,LANCO INFRATECH  
LOKESHMACH,LOKESH MACHINES  
LOTUSEYE,LOTUS EYE HOSP & INST  
LOVABLE,LOVABLE LINGERIE  
LPDC,LANDMARK PROPERTY DEVELOP
LSIL,LLOYDS STEELS IND.  
LT,LARSEN & TOUBRO  
LTI,Larsen & Toubro Infotech 
LTTS, &T Technology Services  
LUMAXIND,LUMAX INDUSTRIES  
LUMAXTECH,LUMAX AUTO TECHNOLOGIES  
LUPIN,LUPIN  
LUXIND,LUX Industries     
LYCOS,Lycos Internet     
LYKALABS,LYKA LABS  
LYPSAGEMS,LYPSA GEMS & JEWELLERY    
M&M,MAHINDRA & MAHINDRA  
M&MFIN,MAHINDRA & MAHINDRA FINAN
MAANALU,MAAN ALUMINIUM  
MADHAV,MADHAV MARBLES & GRANITES
MADHUCON,MADHUCON PROJECTS  
MADRASFERT,Madras Fertilizer     
MAGADHSUGAR,Magadh Sugar & Energy   
MAGADSUGAR,MAGADH SUGAR & ENERGY 
MAGMA,MAGMA FINCORP  
MAGNUM,MAGNUM VENTURES  
MAHABANK,BANK OF MAHARASHTRA
MAHAPEXLTD,MAHA RASHTRA APEX COPR.  
MAHASTEEL,MAHAMAYA STEEL INDUSTRIES
MAHINDCIE,MAHINDRA CIE AUTOMOTIVE  
MAHLIFE,MAHINDRA LIFESPACE DEVELO
MAHLOG,Mahindra Logistics    
MAHSCOOTER,MAHARASHTRA SCOOTERS  
MAHSEAMLES,MAHARASHTRA SEAMLESS  
MAITHANALL,MAITHAN ALLOYS  
MAJESCO,MAJESCO     
MALUPAPER,MALU PAPER MILLS     
MANAKALUCO,MANAK ALUMINIUM CO.  
MANAKCOAT,MAN COAT METAL & IND 
MANAKSIA,MANAKSIA  
MANAKSTEEL,MANAKSIA STEELS 
MANAKSTELTD,Manaksia Steels     
MANALIPETC,MANALI PETROCHEMICAL  
MANAPPURAM,MANAPPURAM FINANCE  
MANDHANA,MANDHANA INDUSTRIES 
MANGALAM,MANGALAM DRUGS & ORGANICS
MANGCHEFER,MANGALORE CHEMICALS & FER
MANGLMCEM,MANGALAM CEMENT  
MANGTIMBER,MANGALAM TIMBER PRODUCTS 
MANINDS,MAN INDUSTRIES (INDIA)    
MANINFRA,MAN INFRACONSTRUCTION 
MANPASAND,Manpasand Beverages    
MANUGRAPH,MANUGRAPH INDIA  
MARALOVER,MARAL OVERSEAS  
MARATHON,MARATHON NEXTGEN REALTY  
MARICO,MARICO  
MARKSANS,MARKSANS PHARMA  
MARUTI,MARUTI SUZUKI INDIA  
MASFIN,MAS Financial Services    
MASTEK,MASTEK  
MATRIMONY,Matrimony.com     
MAWANASUG,MAWANA SUGARS  
MAXINDIA,Max India  
MAXVIL,Max Ventures and Industri
MAYURUNIQ,MAYUR UNIQUOTERS  
MAZDA,MAZDA     
MAZDALTD,MAZDA  
MBECL,MCNALLY BH. ENG. CO.
MBLINFRA,MBL INFRASTRUCTURES 
MCDHOLDING,MCDOWELL HOLDINGS  
MCDOWELL-N,UNITED SPIRITS     
MCLEODRUSS,MCLEOD RUSSEL INDIA  
MCX,MULTI COMMODITY EXCHANGE 
MEGASOFT,MEGASOFT  
MEGH,MEGHMANI ORGANICS  
MELSTAR,MELSTAR INFORMATION TECH
MENONBE,MENON BEARINGS  
MEP,MEP Infrastructure Develo
MERCATOR,MERCATOR  
MERCK,MERCK  
METALFORGE,METALYST FORGINGS     
METKORE,METKORE ALLOYS & INDUSTRI
MFSL,Max Financial Services    
MGL,Mahanagar Gas     
MHRIL,MAHINDRA HOLIDAYS & RESOR
MIC,MIC ELECTRONICS     
MIDHANI,Mishra Dhatu Nigam    
MINDACORP,Minda Corporation     
MINDAIND,MINDA INDUSTRIES  
MINDTECK,MINDTECK (INDIA)     
MINDTREE,MINDTREE  
MIRCELECTR,MIRC ELECTRONICS  
MIRZAINT,MIRZA INTERNATIONAL  
MISHKA,Mishka Exim     
MJCO,MAJESCO     
MMFL,M.M.FORGINGS  
MMTC,MMTC  
MNKALCOLTD,Manaksia Aluminium Compan
MNKCMILTD,Manaksia Coated Metals & 
MODIRUBBER,MODI RUBBER 
MOHITIND,MOHIT INDUSTRIES  
MOHOTAIND,MOHOTA INDUSTRIES     
MOIL,MOIL  
MOLDTECH,MOLD-TEK TECHNOLOGIES 
MOLDTEK,MOLD-TEK TECHNOLOGIES 
MOLDTKPAC,MOLD-TEK PACKAGING    
MONNETISPA,MONNET ISPAT & ENERGY 
MONSANTO,MONSANTO INDIA  
MONTECARLO,Monte Carlo Fashions   
MORARJEE,MORARJEE TEXTILES  
MOREPENLAB,MOREPEN LABORATORIES  
MOSERBAER,MOSER-BAER - DEPO SETT
MOTHERSUMI,MOTHERSON SUMI SYSTEMS    
MOTILALOFS,MOTILAL OSWAL FINANCIAL S
MOTOGENFIN,MOTOR & GENERAL FINANCE  
MPHASIS,MPHASIS  
MPSLTD,MPS  
MRF,MRF  
MRO-TEK,MRO-TEK REALTY     
MRPL,MANGALORE REFINERY & PETR
MSPL,MSP STEEL & POWER  
MTEDUCARE,MT EDUCARE  
MTNL,MAHANAGAR TELEPHONE NIGAM
MUKANDENGG,MUKAND ENGINEERS  
MUKANDLTD,MUKAND  
MUKTAARTS,MUKTA ARTS  
MUNJALAU,MUNJAL AUTO INDUSTRIES    
MUNJALSHOW,MUNJAL SHOWA  
MURUDCERA,MURUDESHWAR CERAMICS  
MUTHOOTCAP,MUTHOOT CAP SERV 
MUTHOOTFIN,MUTHOOT FINANCE  
MUTHTFN,MUTHOOT CAPITAL SERVICES 
MVL,MVL     
NACLIND,NACL Industries     
NAGAFERT,NAGARJUN FERT AND CHE 
NAGARFERT,NAGARJUNA FERTILIZERS AND
NAGAROIL,NAGARJUNA OIL REFINERY    
NAGREEKCAP,NAGREEKA CAPITAL & INFRAS
NAGREEKEXP,NAGREEKA EXPORTS  
NAHARCAP,NAHAR CAPITAL & FINANCIAL
NAHARINDUS,NAHAR INDUSTRIAL ENTERPRI
NAHARPOLY,NAHAR POLYFILMS  
NAHARSPING,NAHAR SPINNING MILLS  
NATCOPHARM,NATCO PHARMA  
NATHBIOGEN,NATH BIO-GENES (INDIA)    
NATIONALUM,NATIONAL ALUMINIUM CO.
NATNLSTEEL,NATIONAL STEEL & AGRO IND
NATPEROX,NATIONAL PEROXIDE  
NAUKRI,INFO EDGE (INDIA)  
NAVINFLUOR,NAVIN FLUORINE INTERNATIO
NAVKARCORP,Navkar Corporation    
NAVNETEDUL,NAVNEET EDUCATION     
NBCC,NBCC (India)     
NBIFIN,N.B.I. IND. FIN. CO. 
NBVENTURES,NAVA BHARAT VENTURES  
NCC,NCC     
NCLIND,NCL INDUSTRIES  
NDGL,NAGA DHUNSERI GROUP 
NDL,NANDAN DENIM     
NDTV,NEW DELHI TELEVISION  
NECCLTD,NORTH EASTERN CARRYING CO
NECLIFE,NECTAR LIFESCIENCES  
NELCAST,NELCAST  
NELCO,NELCO 
NESCO,NESCO  
NESTLEIND,NESTLE INDIA  
NETWORK18,NETWORK18 MEDIA & INVESTM
NEULANDLAB,NEULAND LABORATORIES  
NEWGEN,Newgen Software Technolog
NEXTMEDIA,NEXT MEDIAWORKS  
NFL,NATIONAL FERTILIZERS  
NH,Narayana Hrudayalaya   
NHPC,NHPC  
NIACL,The New India Assurance C
NIBL,NRB INDUSTRIAL BEARINGS  
NIITLTD,NIIT  
NIITTECH,NIIT TECHNOLOGIES  
NILA,NILA INFRASTRUCTURES  
NILAINFRA,NILA INFRASTRUCTURES 
NILKAMAL,NILKAMAL  
NIPPOBATRY,INDO-NATIONAL  
NIRAJISPAT,NIRAJ ISPAT IND 
NIRLON,NIRLON  
NITCO,NITCO  
NITESHEST,NITESH ESTATES 
NITINFIRE,NITIN FIRE PROT IND.  
NITINSPIN,NITIN SPINNERS  
NIYOGIN,Niyogin Fintech     
NKIND,N.K.INDUSTRIES  
NLCINDIA,NLC India     
NMDC,NMDC  
NOCIL,NOCIL  
NOIDATOLL,NOIDA TOLL BRIDGE COMPANY
NORBTEAEXP,NORBEN TEA & EXPORTS 
NOVARTIND,NOVARTIS INDIA  
NRAGRINDQ,N.R.AGARWAL INDUSTRIES    
NRAIL,N R AGARWAL INDS 
NRBBEARING,NRB BEARINGS  
NSIL,NALWA SONS INVESTMENTS    
NTL,NEUEON TOWERS     
NTPC,NTPC  
NUCLEUS,NUCLEUS SOFTWARE EXPORTS 
NUTEK,NU TEK INDIA  
OASIS,OASIS TRADELINK 
OBEROIRLTY,OBEROI REALTY  
OBIL,OCEANAA BIOTEK INDUSTRIES
OCCL,ORIENTAL CARBN & CHEM 
OCL,OCL INDIA  
OFSS,ORACLE FINANCIAL SERVICES
OIL,OIL INDIA  
OILCOUNTUB,OIL COUNTRY TUBULAR  
OISL,OCL IRON AND STEEL  
OMAXAUTO,OMAX AUTOS 
OMAXE,OMAXE  
OMKARCHEM,OMKAR SPECIALITY CHEMICAL
OMMETALS,OM METALS INFRAPROJECTS  
ONELIFECAP,ONELIFE CAP ADVISORS 
ONGC,OIL AND NATURAL GAS CORPO
ONMOBILE,ONMOBILE
ONWARDTEC,ONWARD TECHNOLOGIES  
OPTIEMUS,OPTIEMUS INFRACOM 
OPTOCIRCUI,OPTO CIRCUITS (INDIA) 
ORBTEXP,ORBIT EXPORTS  
ORICON,ORICON ENTERPRISES  
ORICONENT,ORICON ENTERPRISES 
ORIENTABRA,ORIENT ABRASIVES  
ORIENTALTL,ORIENTAL TRIMEX  
ORIENTBANK,ORIENTAL BANK OF COMMERCE
ORIENTBELL,ORIENT BELL     
ORIENTCEM,ORIENT CEMENT 
ORIENTCQ,ORIENTAL CARBON & CHEMICA
ORIENTELEC,ORIENT ELECTRIC     
ORIENTHOT,ORIENTAL HOTELS  
ORIENTLTD,ORIENT PRESS  
ORIENTPPR,ORIENT PAPER & INDUSTRIES
ORIENTREF,ORIENT REFRACTORIES  
ORISSAMINE,ORISSA MINERALS DEVELOPME
ORTEL,Ortel Communications   
ORTINLAABS,ORTIN LABORATORIES 
ORTINLABSS,ORTIN LABORATORIES 
OSWALAGRO,OSWAL AGRO MILLS  
PAEL,PAE  
PAGEIND,PAGE INDUSTRIES  
PAISALO,PAISALO DIGITAL     
PALASHSEC,Palash Securities     
PALASHSECU,PALASH SECURITIES 
PALRED,PALRED TECHNOLOGIES    
PALREDTEC,PALRED TECHNOLOGIES 
PANACEABIO,PANACEA BIOTEC  
PANAMAPET,PANAMA PETROCHEM  
PANORAMUNI,PANORAMIC UNIVERSAL 
PAPERPROD,HUHTAMAKI PPL     
PARABDRUGS,PARABOLIC DRUGS 
PARACABLES,PARAMOUNT COMMUNICATIONS 
PARAGMILK,Parag Milk Foods     
PARSVNATH,PARSVNATH DEVELOPERS  
PATELENG,PATEL ENGINEERING  
PATINTLOG,PATEL INTEGRATED LOGISTIC
PATSPINLTD,PATSPIN INDIA  
PBAINFRA,PBA INFRASTRUCTURE  
PCJEWELLER,PC JEWELLER  
PDMJEPAPER,Pudumjee Paper Products  
PDPL,PARENTERAL DRUGS 
PDSMFL,PDS MULTINATIONAL FASHION
PEARLPOLY,PEARL POLYMERS  
PEL,PIRAMAL ENTERPRISES  
PENIND,PENNAR INDUSTRIES  
PENINLAND,PENINSULA LAND  
PENPEBS,Pennar Engineered Buildin
PERSISTENT,PERSISTENT SYSTEMS  
PETRONENGG,PETRON ENGG CONSTRUCT 
PETRONET,PETRONET LNG  
PFC,POWER FINANCE CORPORATION
PFIZER,PFIZER  
PFOCUS,PRIME FOCUS  
PFS,PTC INDIA FINANCIAL SERVI
PGEL,PG ELECTROPLAST  
PGHH,PROCTER & GAMBLE HYGIENE 
PGIL,PEARL GLOBAL INDUSTRIES  
PHILIPCARB,PHILLIPS CARBON BLACK 
PHOENIXLTD,THE PHOENIX MILLS 
PIDILITIND,PIDILITE INDUSTRIES  
PIIND,P.I.INDUSTRIES  
PILANIINVS,PILANI INV & IND COR 
PILITA,Pil Italica Lifestyle   
PIONDIST,PIONEER DISTILLERIES  
PIONEEREMB,PIONEER EMBROIDERIES  
PIRPHYTO,PIRAMAL PHYTOCARE     
PITTIENG,PITTI ENGINEERING     
PITTILAM,PITTI LAMINATIONS  
PKTEA,THE P K TEA PROD CO 
PLASTIBLEN,PLASTIBLENDS INDIA  
PNB,PUNJAB NATIONAL BANK
PNBGILTS,PNB GILTS  
PNBHOUSING,PNB Housing Finance    
PNC,PRITISH NANDY COMMUNICATI
PNCINFRA,PNC Infratech     
POCHIRAJU,POCHIRAJU IND 
PODARPIGQ,PODDAR PIGMENTS  
PODDAR,Poddar Housing and Develo
PODDARHOUS,PODDAR HOUSE & DVPT 
PODDARMENT,PODDAR PIGMENTS     
POKARNA,POKARNA  
POLARIS,POLARIS CONSULTING & SERV
POLYMED,POLY MEDICURE  
POLYPLEX,POLYPLEX CORPORATION  
PONNIERODE,PONNI SUGARS (ERODE)  
POWERGRID,POWER GRID CORPORATION OF
POWERMECH,Power Mech Projects    
PPAP,PPAP
PRABHAT,Prabhat Dairy     
PRADIP,PRADIP OVERSEAS 
PRAENG,PRAJAY ENGINEERS SYNDICAT
PRAJIND,PRAJ INDUSTRIES  
PRAKASH,PRAKASH INDUSTRIES  
PRAKASHCON,PRAKASH CONSTROWELL  
PRATIBHA,PRATIBHA INDS.  
PRAXIS,PRAXIS HOME RETAIL 
PRECAM,Precision Camshafts    
PRECOT,PRECOT MERIDIAN     
PRECWIRE,PRECISION WIRES INDIA 
PREMEXPLN,PREMIER EXPLOSIVES 
PREMEXPLQ,PREMIER EXPLOSIVES  
PREMIER,PREMIER  
PREMIERPOL,PREMIER POLYFILM  
PRESSMN,PRESSMAN ADVERTISING   
PRESTIGE,PRESTIGE ESTATES PROJECTS
PRICOLLTD,Pricol     
PRIMESECU,PRIME SECURITIES  
PROVOGE,PROVOGUE (INDIA)  
PROZONINTU,PROZONINTU
PRSMJOHNSN,PRISM JOHNSON     .
PSB,PUNJAB & SIND BANK
PSL,PSL  
PSPPROJECT,PSP Projects     
PTC,PTC INDIA  
PTL,PTL ENTERPRISES  
PUNJABCHEM,PUNJAB CHEMICALS AND CROP
PUNJCOMMU,PUNJAB COMMUNICATIONS 
PUNJLLOYD,PUNJ LLOYD  
PURVA,Puravankara     
PVP,PVP VENTURES  
PVR,PVR  
QUESS,Quess Corp     
QUICKHEAL,Quick Heal Technologies  
QUINTEGRA,QUINTEGRA SOLUTIONS  
RADAAN,RADAAN MEDIAWORKS (I) 
RADICO,RADICO KHAITAN  
RADIOCITY,Music Broadcast     
RAIN,RAIN INDUSTRIES     
RAINBOWPAP,RAINBOW PAPERS 
RAJESHEXPO,RAJESH EXPORTS  
RAJRAYON,RAJ RAYON INDUSTRIES 
RAJSREESUG,RAJSHREE SUGARS & CHEMICA
RAJTV,RAJ TELEVISION NETWORK    
RAJVIR,RAJVIR INDUSTRIES     
RALLIS,RALLIS INDIA  
RAMANEWS,SHREE RAMA NEWSPRINT  
RAMASTEEL,Rama Steel Tubes     
RAMCOCEM,THE RAMCO CEMENTS     
RAMCOIND,RAMCO INDUSTRIES  
RAMCOSYS,RAMCO SYSTEMS  
RAMGOPOLY,RAMGOPAL POLYTEX     
RAMKY,RAMKY INFRASTRUCTURE  
RAMSARUP,RAMSARUP INDUSTRIES  
RANASUG,RANA SUGARS  
RANEENGINE,RANE ENGINE VALVE  
RANEHOLDIN,RANE HOLDINGS  
RATNAMANI,RATNAMANI METALS & TUBES 
RAYMOND,RAYMOND  
RBL,RANE BRAKE LINING  
RBLBANK,RBL Bank     
RCF,RASHTRIYA CHEMICALS & FER
RCIIND,RCI INDUSTRIES & TECHNOLO
RCOM,RELIANCE COMMUNICATIONS  
RECLTD,RURAL ELECTRIFICATION COR
REDINGTON,REDINGTON (INDIA)  
REFEX,REFEX INDUSTRIES  
REGENCERAM,REGENCYCERAMICS-
RELAXO,RELAXO FOOTWEARS  
RELCAPITAL,RELIANCE CAPITAL  
RELHOME,Reliance Home Finance   
RELIANCE,RELIANCE INDUSTRIES  
RELIGARE,RELIGARE ENTERPRISES  
RELINFRA,RELIANCE INFRASTRUCTURE  
REMSONSIND,REMSONS INDUSTRIES  
RENUKA,SHREE RENUKA SUGARS  
REPCOHOME,REPCO HOME FINANCE  
REPRO,REPRO INDIA  
RESPONIND,RESPONSIVE INDUSTRIES 
REVATHI,REVATHI EQUIPMENT  
RHFL,RELIANCE HOME FINANCE 
RICOAUTO,RICO AUTO INDUSTRIES  
RIIL,RELIANCE INDUSTRIAL INFRA
RJL,RENAISSANCE JEWELLERY 
RKDL,RAVI KUMAR DISTILLERIES  
RKFORGE,RAMKRISHNA FORGINGS  
RMCL,RADHA MADHAV CORPORATION 
RML,RANE (MADRAS)  
RNAM,Reliance Nippon Life Asse
RNAVAL,Reliance Naval and Engine
ROHITFERRO,ROHIT FERRO-TECH  
ROHLTD,ROYAL ORCHID HOTELS  
ROLLT,ROLLATAINERS  
ROLTA,ROLTA INDIA  
ROSSELLIND,ROSSELL INDIA  
RPGLIFE,RPG LIFE SCIENCES  
RPOWER,RELIANCE POWER  
RPPINFRA,RPP INFRA PROJECTS  
RRSLGETF,RELIANCE ETF LONGTERMGILT
RSSOFTWARE,R.S.SOFTWARE INDIA  
RSWM,RSWM  
RSYSTEMINT,R SYSTEMS INTERNATIONAL  
RSYSTEMS,R SYS INTERNATIONAL 
RTNINFRA,RATTANINDIA INFRASTRUCTUR
RTNPOWER,RATTANINDIA POWER  
RUBYMILLS,RUBY MILLS  
RUCHINFRA,RUCHI INFRASTRUCTURE 
RUCHIRA,RUCHIRA PAPERS  
RUCHISOYA,RUCHI SOYA INDUSTRIES 
RUPA,RUPA & COMPANY  
RUSHIL,RUSHIL DECOR  
SABEVENTS,SAB EVENTS & GOVERNANCE
SABTN,SRI ADHIKARI BROTHERS TEL
SADBHAV,SADBHAV ENGINEERING  
SADBHIN,Sadbhav Infrastructure Pr
SAGCEM,SAGAR CEMENTS  
SAIL,STEEL AUTHORITY OF INDIA 
SAKHTISUG,SAKTHI SUGARS  
SAKSOFT,SAKSOFT  
SAKUMA,SAKUMA EXPORTS  
SALASAR,Salasar Techno Engineerin
SALONA,SALONA COTSPIN  
SALONACOT,SALONA COTSPIN  
SALORAINTL,SALORA INTERNATIONAL  
SALSTEEL,S.A. .STEEL  
SALZER,SALZER ELECTRONICS  
SALZERELEC,SALZER ELECTRONICS 
SAMBHAAV,SAMBHAAV MEDIA  
SANCO,SANCO INDUSTRIES     
SANDESH,SANDESH  
SANDHAR,Sandhar Technologies   
SANGAMIND,SANGAM (INDIA)  
SANGHIIND,SANGHI INDUSTRIES  
SANGHVIFOR,SANGHVI FORGING AND ENGIN
SANGHVIMOV,SANGHVI MOVERS  
SANOFI,SANOFI INDIA 
SANWARIA,SANWARIA CONSUMER     
SARDAEN,SARDA ENERGY & MINERALS  
SAREGAMA,SAREGAMA INDIA  
SARLAPOLY,SARLA PERFORMANCE FIBERS 
SASKEN,Sasken Technologies    
SASTASUNDR,Sastasundar Ventures   
SATHAISPAT,SATHAVAHANA ISPAT  
SATIN,SATIN CREDITCARE NETWORK 
SBILIFE,SBI Life Insurance Compan
SBIN,STATE BANK OF INDIA
SCAPDVR,Stampede Capital     
SCHAEFFLER,Schaeffler India     
SCHAND,S Chand And Company    
SCHNEIDER,SCHNEIDER ELECTRIC INFRAS
SCI,SHIPPING CORPORATION OF I
SDBL,SOM DISTILLERIES & BREWER
SEAMECLTD,SEAMEC  
SELAN,SELAN EXPLORATION TECHNOL
SELMCL,SEL MANUFACTURING COMPANY
SEPOWER,S.E. POWER  
SEQUENT,SEQUENT SCIENTIFIC  
SESHAPAPER,SESHASAYEE PAPER & BOARDS
SETCO,SETCO AUTOMOTIVE  
SEYAIND,SEYA INDUSTRIES  
SFL,Sheela Foam     
SGFL,SHREE GANESH FORG. 
SGL,STL GLOBAL  
SHAHALLOYS,SHAH ALLOYS  
SHAKTIPUMP,SHAKTI PUMPS (INDIA)  
SHALBY,Shalby     
SHALPAINTS,SHALIMAR PAINTS  
SHANKARA,Shankara Building Product
SHANTIGEAR,SHANTHI GEARS  
SHARDA,SHARDA MOTOR INDUSTRIES  
SHARDACROP,Sharda Cropchem     
SHARDAMOTR,SHARDA MOTOR INDS 
SHEMAROO,SHEMAROO ENTERTAINMENT    
SHILPAMED,SHILPA MEDICARE  
SHILPI,SHILPI CABLE TECH 
SHIRPUR-G,SHIRPUR GOLD REFINERY 
SHIVAMAUTO,SHIVAM AUTOTECH  
SHIVAMILLS,Shiva Mills     
SHIVATEX,SHIVA TEXYARN     
SHIVTEX,SHIVA TEXYARN  
SHK,S H Kelkar and Company    
SHOPERSTOP,SHOPPERS STOP  
SHREECEM,SHREE CEMENT  
SHREEPUSHK,Shree Pushkar Chemicals &
SHREERAMA,SHREE RAMA MULTI-TECH 
SHREYANIND,SHREYANS INDUSTRIES  
SHREYAS,SHREYAS SHIPPING & LOGIST
SHRIPISTON,SHRIRAM PIST. & RING 
SHRIRAMCIT,SHRIRAM CITY UNION FINANC
SHRIRAMEPC,SHRIRAM EPC  
SHYAMCENT,SHYAM CENTURY FERROUS 
SHYAMTEL,SHYAM TELECOM  
SICAGEN,SICAGEN INDIA  
SICAL,SICAL LOGISTICS  
SIEMENS,SIEMENS  
SIGNET,SIGNET INDUSTRIES     
SIGNETIND,SIGNET INDUSTRIES     
SIL,STANDARD INDUSTRIES  
SILINV,SIL INVESTMENTS  
SIMBHALS,Simbhaoli Sugars 
SIMPLEX,SIMPLEX PROJECTS  
SIMPLEXINF,SIMPLEX INFRASTRUCTURES 
SINTEX,SINTEX INDUSTRIES  
SINTEXPLAST,Sintex Plastics Technology
SIS,Security and Intelligence
SITASHREE,SITA SHREE FOOD PROD 
SITINET,Siti Networks  
SIYSIL,SIYARAM SILK MILLS  
SJVN,SJVN 
SKFINDIA,SKF INDIA  
SKIL,SKIL Infrastructure    
SKIPPER,SKIPPER 
SKMEGGPROD,SKM EGG PRODUCTS EXPORT
SMARTLINK,Smartlink Holdings    
SMLISUZU,SML ISUZU     
SMPL,SPLENDID METAL PRODUCTS  
SMSLIFE,SMS Lifesciences India    
SMSPHARMA,SMS PHARMACEUTICALS  
SNOWMAN,SNOWMAN LOGISTICS 
SOBHA,SOBHA     
SOLARINDS,SOLAR INDUSTRIES INDIA    
SOMANYCERA,SOMANY CERAMICS  
SOMATEX,SOMA TEXTILEI NDUSTRIES  
SOMICONV,SOMI CONVEYOR BELTINGS    
SOMICONVEY,SOMI CONVEYOR BELT.  
SONATSOFTW,SONATA SOFTWARE  
SORILINFRA,SORIL INFRA RESOURCES 
SOTL,SAVITA OIL TECHNOLOGIES  
SOUTHBANK,SOUTH INDIAN BANK  
SPAL,S.P. Apparels     
SPARC,SUN PHARMA ADVANCED RESEA
SPECIALITY,SPECIALITY RESTAURANTS    
SPENTEX,SPENTEX IND. 
SPIC,SOUTHERN PETROCHEMICALS  
SPICEJET,SPICEJET  
SPICEMOBI,SPICE MOBILITY     
SPLIL,SPL INDUSTRIES  
SPMLINFRA,SPML INFRA     
SPTL,SINTEX PLASTICS TECH 
SPYL,SHEKHAWATI POLY-YARN  
SREEL,SREELEATHERS     
SREINFRA,SREI INFRASTRUCTURE FINAN
SRF,SRF  
SRHHYPOLTD,SREE RAYALASEEMA HI-STREN
SRIPIPES,Srikalahasthi Pipes    
SRSLTD,SRS  
SRTRANSFIN,SHRIRAM TRANSPORT FINANCE
SSWL,STEEL STRIPS WHEELS  
STAMPEDE,STAMPEDE CAPITAL 
STAN,STANDARD CHARTERED PLC
STAR,Strides Shasun     
STARCEMENT,Star Cement     
STARLIT,Starlit Power Systems   
STARPAPER,STAR PAPER MILLS  
STCINDIA,STATE TRADING CORPORATION
STEELXIND,STEEL EXCHANGE INDIA  
STEL,STEL HOLDINGS     
STERTOOLS,STERLING TOOLS  
STINDIA,STI INDIA  
STRTECH,STERLITE TECHNOLOGIES 
SUBEX,SUBEX  
SUBROS,SUBROS  
SUDARSCHEM,SUDARSHAN CHEMICAL INDUST
SUJANAUNI,SUJANA UNI. INDS.  
SUMEETINDS,SUMEET INDUSTRIES  
SUMMITSEC,SUMMIT SECURITIES  
SUNCLAYLTD,SUNDARAM-CLAYTON  
SUNDARAM,SUNDARAM MULTI PAP  
SUNDARMFIN,SUNDARAM FINANCE  
SUNDARMHLD,SUNDARAM FINANCE HOLD 
SUNDRMBRAK,SUNDARAM BRAKE LININGS    
SUNDRMFAST,SUNDRAM FASTENERS  
SUNFLAG,SUNFLAG IRON & STEEL CO. 
SUNILHITEC,SUNIL HITECH ENGINEERS    
SUNPHARMA,SUN PHARMACEUTICAL INDUST
SUNTECK,SUNTECK REALTY  
SUNTV,SUN TV NETWORK  
SUPERHOUSE,SUPERHOUSE  
SUPERSPIN,SUPER SPINNING MILLS 
SUPPETRO,SUPREME PETROCHEM  
SUPRAJIT,SUPRAJIT ENGINEERING  
SUPREMEIND,SUPREME INDUSTRIES  
SUPREMEINF,SUPREME INFRASTRUCTURE IN
SUPREMETEX,SUPREME TEX MART     
SURANACORP,SURANA CORPORATION 
SURANAIND,SURANA INDUSTRIES 
SURANASOL,SURANA SOLAR  
SURANAT&P,SURANA TELECOM AND POWER 
SURYALAXMI,SURYALAKSHMI COTTON MILLS
SURYAROSNI,SURYA ROSHNI  
SUTLEJTEX,SUTLEJ TEXTILES & INDUSTR
SUVEN,SUVEN LIFE SCIENCES  
SUYOG,SUYOG TELEMATICS 
SUZLON,SUZLON ENERGY  
SWANENERGY,SWAN ENERGY  
SWARAJENG,SWARAJ ENGINES  
SWELECTES,SWELECT ENERGY SYSTEMS    
SYMPHONY,SYMPHONY     
SYNCOM,SYNCOM HEALTHCARE 
SYNDIBANK,SYNDICATE BANK 
SYNGENE,Syngene International   
TAINWALCHM,TAINWALA CHEMICAL AND PLA
TAJGVK,TAJGVK HOTELS & RESORTS  
TAKE,TAKE SOLUTIONS  
TALBROAUTO,TALBROS AUTOMOTIVE COMPON
TALWALKARS,TALWALKARS BETTER VALUE F
TANLA,TANLA SOLUTIONS     
TANTIACONS,TANTIA CONST 
TARAJEWELS,TARA JEWELS  
TARAPUR,TARAPUR TRANSFORMERS 
TARMAT,TARMAT  
TASTYBIT,TASTY BITE EATABLES  
TASTYBITE,TASTY BITE EATABLES 
TATACHEM,TATA CHEMICALS  
TATACOFFEE,TATA COFFEE  
TATACOMM,TATA COMMUNICATIONS  
TATAELXSI,TATA ELXSI  
TATAGLOBAL,TATA GLOBAL BEVERAGES   
TATAINVEST,TATA INVESTMENT CORPORATI
TATAMETALI,TATA METALIKS  
TATAMOTORS,TATA MOTORS  
TATAPOWER,TATA POWER CO. 
TATASPONGE,TATA SPONGE IRON  
TATASTEEL,TATA STEEL  
TATASTEELPP,TATA STEEL     
TBZ,TRIBHOVANDAS BHIMJI ZAVER
TCI,TRANSPORT CORPORATION OF 
TCIDEVELOP,TCI DEVELOPERS  
TCIEXP,TCI Express     
TCIFINANCE,TCI FINANCE  
TCPLPACK,TCPL PACKAGING  
TCS,TATA CONSULTANCY SERV    
TDPOWERSYS,T D POWER SYSTEMS  
TEAMLEASE,TeamLease Services    
TECHIN,TECHINDIA NIRMAN     
TECHM,TECH MAHINDRA  
TECHNO,TECHNO ELECTRIC AND ENGIN
TECHNOFAB,TECHNOFAB ENGINEERING   
TEJASNET,Tejas Networks     
TERASOFT,TERA SOFTWARE     
TEXINFRA,TEXMACO INFRASTRUCTURE & 
TEXMOPIPES,TEXMO PIPES & PRODUCTS    
TEXRAIL,TEXMACO RAIL & ENGINEERIN
TFCILTD,TOURISM FINANCE CORPORATI
TFL,TRANSWARRANTY FINANCE 
TGBHOTELS,TGB BANQUETS AND HOTELS  
THANGAMAYL,THANGAMAYIL JEWELLERY 
THEBYKE,THE BYKE HOSPITALITY  
THEMISMED,THEMIS MEDICARE  
THERMAX,THERMAX  
THIRUSUGAR,THIRU AROORAN SUGARS  
THOMASCOOK,THOMAS COOK (INDIA)  
THOMASCOTT,THOMAS SCOTT (INDIA) 
THYROCARE,Thyrocare Technologies    
TI,TILAKNAGAR INDUSTRIES 
TIDEWATER,TIDE WATER OIL (INDIA)    
TIFHL,TI Financial Holdings   
TIFIN,TI FINANCIAL HOLDING 
TIIL,TECHNOCRAFT INDUSTRIES (I
TIINDIA,Tube Investments of India
TIJARIA,TIJARIA POLYPIPES 
TIL,TIL  
TIMESGTY,TIMES GUARANTY  
TIMETECHNO,TIME TECHNOPLAST  
TIMKEN,TIMKEN INDIA  
TINPLATE,TINPLATE COMPANY OF INDIA
TIPSINDLTD,TIPS INDUSTRIES  
TIRUMALCHM,THIRUMALAI CHEMICALS  
TITAN,TITAN COMPANY     
TMRVL,The Mandhana Retail Ventu
TNPETRO,TAMILNADU PETROPRODUCTS  
TNPL,TAMIL NADU NEWSPRINT & PA
TNTELE,TAMILNADU TELECOMMUNICATI
TOKYOPLAST,TOKYO PLAST INTERNATIONAL
TORNTPHARM,TORRENT PHARMACEUTICALS  
TORNTPOWER,TORRENT POWER  
TPLPLAST,TPL PLASTECH  
TPLPLASTEH,TPL PLASTECH     
TREEHOUSE,TREE HOUSE EDUCATION & AC
TRENT,TRENT  
TRF,TRF  
TRIDENT,TRIDENT  
TRIGYN,TRIGYN TECHNOLOGIES  
TRIL,TRANSFORMERS AND RECTIFIE
TRITURBINE,TRIVENI TURBINE  
TRIVENI,TRIVENI ENGINEERING & IND
TTKHEALTH,TTK HEALTHCARE  
TTKHLTCARE,TTK HEALTHCARE     
TTKPRESTIG,TTK PRESTIGE  
TTL,TT  
TTML,TATA TELESERVICES (MAHARA
TULSI,TULSI EXTRUSION  
TV18BRDCST,TV18 BROADCAST  
TVSELECT,TVS ELECTRONICS 
TVSMOTOR,TVS MOTOR COMPANY  
TVSSRICHAK,TVS SRICHAKRA  
TVTODAY,TV TODAY NETWORK  
TVVISION,TV VISION     
TWL,TITAGARH WAGONS  
UBL,UNITED BREWERIES  
UCALFUEL,UCAL FUEL SYSTEMS  
UCOBANK,UCO BANK 
UFLEX,UFLEX  
UFO,UFO Moviez India     
UGARSUGAR,UGAR SUGAR WORKS  
UJAAS,UJAAS ENERGY     
UJJIVAN,Ujjivan Financial Service
ULTRACAB,Ultracab (India)     
ULTRACEMCO,ULTRATECH CEMENT  
UMANGDAIR,UMANG DAIRIES  
UMANGDAIRY,UMANG DAIRIES     
UMESLTD,USHA MARTIN EDUCATION & S
UNICHEMLAB,UNICHEM LABORATORIES  
UNIENTER,UNIPHOS ENTERPRISES 
UNIONBANK,UNION BANK OF INDIA
UNIPHOS,UNIPHOS ENTERPRISES  
UNIPLY,UNIPLY INDUSTRIES  
UNITDSPR,UNITED SPIRITS  
UNITECH,UNITECH  
UNITEDBNK,UNITED BANK OF INDIA
UNITEDTEA,UNITED NILGIRI TEA 
UNITY,UNITY INFRAPROJECTS  
UNIVCABLES,UNIVERSAL CABLES  
UPL,UPL     
URJA,URJA GLOBAL     
URJAGLOBA,URJA GLOBAL  
USHAMART,USHA MARTIN  
USHERAGRO,USHER AGRO  
UTTAMSTL,UTTAM GALVA STEELS  
UTTAMSUGAR,UTTAM SUGAR MILLS  
UVSL,UTTAM VALUE STEELS 
V2RETAIL,V2 RETAIL  
VADILALIND,VADILAL INDUSTRIES  
VAIBHAVGBL,VAIBHAV GLOBAL 
VAKRANGEE,VAKRANGEE     
VARDHACRLC,VARDHAMAN ACRYLICS 
VARDMNPOLY,VARDHMAN POLYTEX  
VASCONEQ,VASCON ENGINEERS 
VASWANI,VASWANI INDUSTRIES  
VBL,Varun Beverages     
VEDL,VEDANTA     
VENKEYS,VENKY'S (INDIA)     
VENKYS,VENKYS (INDIA)  
VENUSREM,VENUS REMEDIES  
VESUVIUS,VESUVIUS INDIA  
VETO,VETO SWITCHGEARS AND CABL
VFL,VIJI FINANCE 
VGUARD,V-GUARD INDUSTRIES  
VHL,VARDHMAN HOLDINGS  
VICEROY,VICEROY HOTELS  
VIDEOIND,VIDEOCON INDUSTRIES    
VIDHIING,Vidhi Specialty Food Ingr
VIJAYABANK,VIJAYA BANK 
VIJIFIN,VIJI FINANCE     
VIJSHAN,VIJAY SHANTHI BUILDERS    
VIKASECO,Vikas EcoTech     
VIMALOIL,VIMAL O & F 
VIMTALABS,VIMTA LABS  
VINATIORGA,VINATI ORGANICS  
VINDHYATEL,VINDHYA TELELINKS  
VINYLINDIA,VINYL CHEMICALS (INDIA)  
VIPCLOTHNG,VIP Clothing     
VIPIND,V.I.P.INDUSTRIES  
VIPUL,VIPUL  
VIPULLTD,VIPUL     
VISAKAIND,VISAKA INDUSTRIES  
VISASTEEL,VISA STEEL  
VISESHINFO,VISESH INFOTECNICS 
VISHAL,VISHAL FABRICS 
VISHNU,VISHNU CHEMICALS  
VIVIDHA,VISAGAR POLYTEX  
VIVIMEDLAB,VIVIMED LABS  
VLSFINANCE,VLS FINANCE  
VMART,V-MART RETAIL  
VOLTAMP,VOLTAMP TRANSFORMERS  
VOLTAS,VOLTAS  
VRLLOG,VRL Logistics     
VSSL,VARDHMAN SPECIAL STEELS  
VSTIND,VST INDUSTRIES  
VSTTILLERS,V.S.T.TILLERS TRACTORS    
VTL,VARDHMAN TEXTILES  
WABAG,VA TECH WABAG  
WABCOINDIA,WABCO INDIA  
WALCHANNAG,WALCHANDNAGAR INDUSTRIES 
WANBURY,WANBURY     
WEBELSOLAR,WEBSOL ENERGY SYSTEM  
WEIZFOREX,WEIZMANN FOREX  
WEIZMANIND,WEIZMANN  
WELCORP,WELSPUN CORP     
WELENT,WELSPUN ENTERPRISES LIMTE
WELINV,WELSPUN INV & COMM 
WELSPUNIND,WELSPUN INDIA  
WENDT,WENDT (INDIA)  
WESTLIFE,WESTLIFE DEVELOPMENT  
WHEELS,WHEELS INDIA  
WHIRLPOOL,WHIRLPOOL OF INDIA  
WILLAMAGOR,WILLIAMSON MAGOR & COMPAN
WIMPLAST,WIM PLAST  
WINDMACHIN,WINDSOR MACHINES  
WINSOME,WINSOME YARNS     
WINSOMTX,WINSOME TEXTILE INDUSTRIE
WIPL,THE WESTERN INDIA PLY 
WIPRO,WIPRO  
WOCKPHARMA,WOCKHARDT  
WONDERLA,WONDERLA HOLIDAYS 
WSI,W.S.INDUSTRIES (I)  
WSIND,W.S.INDUSTRIES (INDIA)    
WSTCSTPAPR,West Coast Paper Mills    
XCHANGING,XCHANGING SOLUTIONS  
XLENERGY,XL ENERGY     
XPROINDIA,XPRO INDIA  
YESBANK,YES BANK  
ZANDUREALT,ZANDU REALTY     
ZEEL,ZEE ENTERTAINMENT ENTERPR
ZEELEARN,ZEE LEARN  
ZEEMEDIA,ZEE MEDIA CORPORATION   
ZENITHBIR,ZENITH BIRLA (INDIA) 
ZENITHEXPO,ZENITH EXPORTS 
ZENSARTECH,ZENSAR TECHNOLOGIES  
ZENTEC,ZEN TECHNOLOGIES  
ZFSTEERING,Z.F.STEERING GEAR (INDIA)
ZICOM,ZICOM ELECTRONIC SECURITY
ZODIACLOTH,ZODIAC CLOTHING CO. 
ZODJRDMKJ,ZODIAC-JRD-MKJ  
ZUARI,ZUARI AGRO CHEMICALS  
ZUARIGLOB,ZUARI GLOBAL  
ZYDUSWELL,ZYDUS WELLNESS  
ZYLOG,ZYLOG SYSTEMS  